latitude,longitude,foundation_day,foundation_month,foundation_year,first_milestone_age_filled,last_milestone_age_filled,milestones,first_funding_age,last_funding_age,funding_rounds,total_funding,total_funding_min_max,rounds,connections,avg_group_size,in_Top500,target
32.71,-117.16,1.0,1.0,2007.0,4.6685,6.7041,3,2.2493,3.0027,3,375000.0,0.0022372588202634706,0000,3,1.0,0,1
37.238916,-121.973718,1.0,1.0,2000.0,7.0055,7.0055,1,5.126,9.9973,4,40100000.0,0.24707226332430307,0111,9,4.75,1,1
32.901049,-117.192656,18.0,3.0,2009.0,1.4575,2.2055,2,1.0329,1.0329,1,2600000.0,0.015950484371465186,1000,5,4.0,1,1
37.320309,-122.05004,1.0,1.0,2002.0,6.0027,6.0027,1,3.1315,5.3151,3,40000000.0,0.24645593858042886,0111,5,3.3333,1,1
37.779281,-122.419236,1.0,8.0,2010.0,0.0384,0.0384,1,0.0,1.6685,2,1300000.0,0.007938262701100138,0000,2,1.0,1,0
37.406914,-122.09037,1.0,1.0,2002.0,5.0027,5.0027,1,4.5452,4.5452,1,7500000.0,0.04615039682130267,0100,3,3.0,1,0
37.3915589,-122.0702643,1.0,1.0,2005.0,3.0,6.6082,2,1.7205,5.211,3,26000000.0,0.16017047443803603,1100,6,1.6667,1,1
38.057107,-122.513742,1.0,1.0,2004.0,5.6055,7.3616,3,1.6466,6.7616,3,34100000.0,0.21009277869184903,1101,25,3.5,1,1
42.712207,-73.203599,1.0,1.0,2002.0,8.0055,9.9945,4,3.5863,11.1123,3,9650000.0,0.059401378814598706,1001,13,4.0,1,1
37.427235,-122.145783,1.0,6.0,2005.0,2.9178,6.1151,4,1.6712,4.6849,3,5750000.0,0.03536471380350357,1000,14,1.0,1,1
37.4429885,-122.1624131,15.0,11.0,2000.0,10.1342,10.6493,3,4.6274,9.4493,3,27500000.0,0.16941534559614954,1100,22,1.0,1,1
37.452992,-122.185098,1.0,1.0,2006.0,0.6164,4.6082,2,1.0849,5.337,5,10400000.0,0.06402381439365547,1000,8,1.75,1,0
38.241467,-85.724511,1.0,1.0,2004.0,999.0,999.0,0,4.9041,4.9041,1,350000.0,0.002083177634294912,0000,0,1.0,0,0
40.70276,-73.986668,26.0,11.0,2007.0,0.7945,4.3781,3,0.0192,2.4356,3,9950000.0,0.06125035304622141,1110,15,2.3333,1,1
39.7462728,-104.9911572,1.0,1.0,2001.0,8.8384,8.8384,1,4.6658,8.9973,5,10700000.0,0.06587278862527818,1100,12,2.5,1,1
38.901301,-77.265158,1.0,1.0,1999.0,999.0,999.0,0,6.6082,6.6082,1,200000.0,0.0011586905184835605,0000,0,1.0,0,0
37.3962827,-122.105531,1.0,1.0,2003.0,5.5014,5.5014,1,2.5863,6.7644,5,49000000.0,0.3019251655291099,1111,8,3.5,1,0
37.590339,-122.341715,1.0,7.0,2000.0,0.4986,12.6795,3,4.5918,7.1726,4,25000000.0,0.1540072269992937,1111,7,3.5,1,1
40.730646,-73.986614,1.0,1.0,2010.0,1.2849,3.0027,3,0.7425,1.5808,3,4575000.0,0.028122898062981315,1000,10,5.0,1,1
37.446411,-122.16054,1.0,1.0,2007.0,3.0877,3.4932,3,2.5014,2.8301,2,28000000.0,0.17249696931552072,1100,13,1.0,1,0
30.2350399,-97.8001299,1.0,1.0,2001.0,4.0877,9.4986,3,2.2137,3.7863,2,4355000.0,0.026766983626458,1000,8,1.5,0,1
47.6026054,-122.2848651,1.0,1.0,2004.0,3.7507,3.7507,1,3.8329,3.8329,1,15000000.0,0.09237475261187025,0100,3,2.0,1,0
37.426316,-122.141082,1.0,1.0,2002.0,0.0,0.0,1,5.4904,5.4904,1,3170000.0,0.019463535411548324,1000,1,2.0,0,0
37.764395,-122.401024,1.0,1.0,2008.0,3.6959,5.663,3,0.0,3.3151,2,2300000.0,0.014101510139842482,1000,4,2.0,0,0
40.010492,-105.276843,1.0,5.0,2007.0,999.0,999.0,0,0.2521,0.337,2,455000.0,0.002730318615362858,1000,5,4.5,1,0
41.875555,-87.624421,1.0,1.0,2002.0,1.0,1.0,1,4.8411,4.8411,1,13000000.0,0.08004825773438556,0010,3,4.0,1,1
37.429676,-122.1085482,1.0,1.0,2003.0,3.0027,3.0027,1,4.0603,4.0603,1,15000000.0,0.09237475261187025,0010,7,4.0,1,1
37.870102,-122.268136,1.0,6.0,2008.0,3.4192,5.2301,3,4.0685,4.0685,1,3800000.0,0.023346381297956,0100,2,2.0,1,1
30.2653441,-97.7435857,1.0,5.0,2007.0,4.9315,5.6767,2,2.5068,4.5315,5,2995000.0,0.01838496710976841,1010,37,1.75,1,1
33.708708,-117.852069,24.0,5.0,2005.0,2.189,7.7753,3,1.189,1.189,1,1000000.0,0.006089288469477436,0000,5,2.0,1,1
37.422859,-122.045217,1.0,1.0,2007.0,4.5178,4.5178,1,1.3534,2.1644,2,10500000.0,0.06464013913752971,1100,3,2.0,1,0
47.603832,-122.330062,1.0,1.0,2001.0,3.0,3.0,1,4.1534,5.1671,2,8600000.0,0.05292996900391925,0100,6,1.5,1,1
36.002893,-78.904075,1.0,10.0,2006.0,999.0,999.0,0,0.0,2.0192,2,5000000.0,0.030742278224446813,1100,9,2.5,1,0
37.779281,-122.419236,1.0,1.0,2011.0,0.4137,2.1671,2,0.0,0.8685,2,2304999.0,0.014132320213788754,0000,3,5.0,1,1
40.441694,-79.990086,1.0,6.0,2009.0,999.0,999.0,0,0.0822,0.0822,1,25000.0,8.012221670365047e-05,0000,2,1.0,0,0
40.73901,-73.997259,1.0,7.0,2004.0,0.0,0.0,1,2.6575,2.6575,1,4000000.0,0.02457903078570447,0100,1,1.0,1,0
37.791137,-122.391843,1.0,1.0,2007.0,1.0,4.3315,3,0.6192,1.5945,2,14600000.0,0.08990945363637332,1100,8,2.0,1,0
37.404788,-121.940842,1.0,1.0,2005.0,999.0,999.0,0,1.063,5.7014,3,44000000.0,0.2711089283353982,0110,0,4.5,1,0
37.7795014,-122.3948712,1.0,10.0,2008.0,0.6082,4.7507,3,0.1671,2.6493,3,1822922.0,0.011161160378262163,1000,10,2.3333,1,1
40.755446,-73.980246,1.0,3.0,2006.0,3.8411,7.137,5,0.0,5.9041,7,29915001.0,0.18429959432395976,1110,18,2.75,1,1
33.756806,-84.392198,1.0,5.0,2006.0,3.7205,7.6164,5,0.0,4.8027,4,33000000.0,0.20331320650923243,1110,26,3.0,1,1
42.99564,-71.454789,1.0,8.0,2011.0,0.5836,0.5945,2,0.0,0.5836,2,125000.0,0.0006964469605778849,0000,9,1.0,0,1
37.45,-122.17,1.0,1.0,2008.0,2.3315,2.7918,2,0.1041,2.3863,2,4000000.0,0.02457903078570447,1000,7,1.0,1,0
47.63609,-122.327028,11.0,5.0,2004.0,5.6603,8.3425,3,3.4904,3.4904,1,10000000.0,0.06155851541815853,0010,10,2.0,1,1
37.4049731,-122.0323525,1.0,1.0,2002.0,8.7425,10.2247,4,4.6658,4.6658,1,6000000.0,0.03690552566318915,0010,25,3.0,1,1
37.36883,-122.03635,1.0,1.0,2003.0,999.0,999.0,0,2.6247,2.6247,1,25000000.0,0.1540072269992937,0100,4,5.0,1,1
40.730646,-73.986614,1.0,12.0,2009.0,0.8329,2.7425,3,0.926,2.9534,3,3750000.0,0.023038218926018882,1000,2,2.0,1,1
42.3751,-71.105616,17.0,10.0,2009.0,1.1178,1.663,2,0.2466,0.2466,1,3000000.0,0.018415783346962124,1000,9,1.0,1,1
37.779281,-122.419236,24.0,5.0,2010.0,1.3562,1.6575,2,0.189,1.189,2,1155000.0,0.007044591822482499,0000,6,9.5,1,1
37.560781,-122.284114,1.0,10.0,2002.0,5.2548,7.8822,2,3.2082,3.2082,1,10000000.0,0.06155851541815853,0001,11,2.0,1,1
37.658313,-122.391032,1.0,1.0,2006.0,2.0,2.0,1,2.5836,2.5836,1,3000000.0,0.018415783346962124,1000,5,1.0,1,1
42.360253,-71.058291,1.0,1.0,2009.0,2.0,3.2767,3,1.8932,2.4466,2,11500000.0,0.07080338657627205,0000,4,1.0,1,1
30.321464,-97.75501,1.0,11.0,2004.0,4.0493,8.3233,5,0.7479,0.7479,1,5000000.0,0.030742278224446813,1000,12,3.0,1,1
42.37564,-71.2358,1.0,1.0,2000.0,7.3342,7.3342,1,5.1863,6.8137,2,29000000.0,0.17866021675426308,0001,9,5.0,1,1
37.7870842,-122.4038047,1.0,5.0,2006.0,4.0493,7.5973,4,0.6712,6.2329,6,34700000.0,0.21379072715509442,1111,37,5.0,1,1
37.441537,-122.158332,1.0,1.0,2004.0,999.0,999.0,0,1.1863,3.4986,2,12050000.0,0.07419317266758034,1000,0,2.0,1,0
37.31,-121.93,1.0,1.0,2006.0,4.0027,6.7534,2,2.1644,4.7616,3,12000000.0,0.07388501029564322,1100,13,2.0,1,1
33.5842816,-117.7306817,1.0,2.0,2005.0,1.9151,1.9151,1,4.1041,4.1041,1,5500000.0,0.03382390194381798,0010,18,2.0,1,1
37.402773,-122.052551,1.0,7.0,2007.0,2.8986,5.2575,4,1.989,4.1534,3,24000000.0,0.14784397956055134,1100,10,3.3333,1,1
39.103151,-94.581908,1.0,7.0,2000.0,7.5068,12.8932,2,5.2027,6.189,2,10000000.0,0.06155851541815853,1100,6,4.5,1,1
42.546483,-71.173667,1.0,12.0,1999.0,1.9151,1.9151,1,2.7836,10.9507,3,19009671.0,0.11708734713281971,0100,10,2.0,1,0
37.805289,-122.404448,1.0,1.0,2005.0,3.0,3.0,1,3.4986,3.4986,1,5000000.0,0.030742278224446813,1000,6,1.0,1,0
47.675489,-122.191667,1.0,1.0,2001.0,6.0027,6.0027,1,4.0466,9.3041,5,18914576.0,0.1165012531176325,0010,2,3.0,1,1
27.951849,-82.456397,1.0,1.0,2001.0,999.0,999.0,0,6.3726,6.3726,1,4000000.0,0.02457903078570447,0000,0,3.0,0,0
42.360253,-71.058291,1.0,12.0,2008.0,1.674,3.1342,2,1.326,2.7836,3,2030882.0,0.01244286931562302,1000,5,3.0,1,1
37.7831775,-122.3086191,1.0,1.0,2006.0,0.0,7.3918,2,2.6438,2.6438,1,5000000.0,0.030742278224446813,0100,4,1.0,1,1
47.765758,-122.184304,1.0,12.0,1999.0,999.0,999.0,0,1.0877,1.0877,1,20500000.0,0.12627261352495314,0000,5,4.0,1,0
40.04,-105.37,2.0,2.0,2006.0,4.5781,7.6877,4,3.9616,6.5205,2,13250000.0,0.08158906959407115,0000,4,2.0,0,1
37.54763,-122.307887,1.0,1.0,2000.0,7.0055,7.0055,1,7.2548,7.2548,1,12000000.0,0.07388501029564322,0000,7,2.0,1,1
37.790485,-122.40094,1.0,9.0,2005.0,3.0219,3.337,2,1.3342,3.0247,3,11489687.0,0.0707398250054363,1100,9,3.3333,1,1
37.7870923,-122.3999719,1.0,1.0,2008.0,2.9178,4.2274,3,0.6795,0.6795,1,4000000.0,0.02457903078570447,1000,15,3.0,1,1
37.3492097,-122.0326019,12.0,6.0,2012.0,0.137,0.137,1,0.0,0.0,1,355000.0,0.0021139938714886237,0000,3,1.0,0,1
28.098905,-82.400087,1.0,1.0,2006.0,2.4164,5.3151,3,0.0,0.2466,2,118000.0,0.0006533042285066885,0000,10,1.5,1,1
37.779026,-122.40184,1.0,1.0,2003.0,7.3808,10.474,3,1.6685,9.337,4,40400000.0,0.2489212375559258,1111,17,1.6667,1,1
32.9583632,-96.8215658,1.0,1.0,2007.0,999.0,999.0,0,1.8055,1.8055,1,3000000.0,0.018415783346962124,1000,1,1.0,1,0
37.54827,-121.988572,1.0,1.0,2003.0,1.0,1.0,1,2.6986,4.0027,2,19700000.0,0.12134201557395927,0100,2,4.0,1,0
37.354469,-121.990433,1.0,1.0,1998.0,999.0,999.0,0,9.1671,9.1973,2,17800000.0,0.10963184544034882,0000,0,1.0,1,0
37.779281,-122.419236,1.0,3.0,2010.0,3.0904,3.7836,3,0.011,2.0986,3,57500000.0,0.3543127687584198,1100,12,4.0,1,1
40.606061,-73.822331,1.0,1.0,2006.0,2.0,5.0548,5,0.6658,3.0384,3,17200000.0,0.10593389697710341,1110,10,2.6667,1,1
42.3751,-71.105616,1.0,8.0,2008.0,0.0,1.5479,2,0.0,1.3425,7,457282.0,0.0027443831460180683,0000,4,1.0,1,0
37.779281,-122.419236,9.0,9.0,2010.0,2.3151,3.1644,3,0.0,2.0329,4,18500000.0,0.11394611864746845,1100,11,2.25,1,1
40.349274,-74.659296,1.0,1.0,2008.0,999.0,999.0,0,2.0466,2.0466,1,12000000.0,0.07388501029564322,1000,2,6.0,1,0
40.397761,-105.07498,1.0,1.0,2007.0,3.9534,4.8356,3,3.5123,3.9562,2,5100000.0,0.03135860296832104,0000,5,2.5,1,0
37.420428,-122.090769,1.0,1.0,2002.0,4.0027,4.0027,1,3.9342,4.6822,2,18250000.0,0.11240530678778288,1100,3,2.5,1,1
40.725435,-73.997395,1.0,9.0,2004.0,3.8329,7.6932,5,2.1616,5.6384,4,41500019.0,0.25570092684024365,0010,13,4.0,1,1
39.388156,-77.885552,1.0,1.0,2000.0,999.0,999.0,0,5.4411,5.4411,1,1000000.0,0.006089288469477436,1000,1,3.0,0,0
34.043948,-118.468204,1.0,4.0,2006.0,1.0,2.6767,2,1.1288,1.1288,1,5000000.0,0.030742278224446813,1000,7,1.0,1,1
42.350749,-83.444589,1.0,1.0,2001.0,0.4137,0.4137,1,7.8877,10.6658,3,42700000.0,0.26309670666503315,0100,2,3.6667,1,0
37.388869,-122.072353,1.0,1.0,2013.0,999.0,999.0,0,0.8822,0.8822,1,12000000.0,0.07388501029564322,0000,7,9.0,1,0
47.614018,-122.19655,1.0,1.0,2003.0,3.0027,9.126,2,2.526,3.1041,2,22300000.0,0.13736645891468938,0110,5,4.5,1,1
37.406217,-121.976473,1.0,1.0,2002.0,0.1616,0.1616,1,4.0027,7.8712,2,10000000.0,0.06155851541815853,0100,5,4.0,1,1
38.91,-77.08,1.0,5.0,2005.0,999.0,999.0,0,1.1671,4.6658,3,15564591.0,0.09585446664655724,0110,1,3.5,1,0
37.779281,-122.419236,1.0,1.0,2007.0,2.4795,4.6685,2,2.5726,2.5726,1,500000.0,0.0030076647501062637,0000,7,5.0,1,1
37.779281,-122.419236,21.0,12.0,2010.0,1.8329,2.6712,2,0.1151,1.3397,2,8950000.0,0.055087105607479064,1000,24,7.0,1,1
40.753881,-73.978852,1.0,1.0,2006.0,4.0027,4.8192,2,1.7479,4.8192,4,55350000.0,0.3410617867651238,1111,8,4.0,1,1
37.406914,-122.09037,1.0,1.0,2002.0,999.0,999.0,0,3.7233,3.7233,1,4000000.0,0.02457903078570447,0100,1,3.0,1,0
41.878984,-87.637,1.0,1.0,2006.0,3.2849,4.9315,3,1.6986,6.5151,5,10764323.0,0.0662692271902804,1000,3,2.0,1,1
40.535316,-74.521435,1.0,1.0,2007.0,0.0,0.0,1,1.4082,1.4082,1,5500000.0,0.03382390194381798,0000,1,3.0,1,0
37.779281,-122.419236,1.0,1.0,2008.0,2.4164,5.5151,2,4.2849,4.2849,1,400000.0,0.0023913400062320293,0000,7,3.0,1,1
37.863464,-122.3153453,1.0,1.0,2007.0,999.0,999.0,0,0.7507,3.0137,3,54000000.0,0.33274140272282166,0010,3,2.6667,1,0
34.070958,-84.274733,1.0,1.0,1985.0,999.0,999.0,0,20.8055,20.8055,1,32000000.0,0.1971499590704901,0100,2,7.0,1,0
47.6,-122.32,1.0,1.0,2000.0,999.0,999.0,0,5.789,5.789,1,13000000.0,0.08004825773438556,0001,1,4.0,1,1
47.614422,-122.192337,1.0,1.0,2005.0,999.0,999.0,0,0.0849,1.2712,3,12500000.0,0.0769666340150144,1100,5,2.3333,1,1
37.314002,-121.932365,1.0,1.0,2004.0,1.0027,8.2849,2,2.3507,8.2822,4,38064570.0,0.23452740459006374,0111,16,3.0,1,1
37.748676,-122.415813,1.0,7.0,2007.0,2.1726,4.6,2,0.0,1.2548,2,6000000.0,0.03690552566318915,1000,21,4.0,1,1
38.030823,-78.48158,1.0,6.0,2006.0,0.5863,5.6164,6,2.4658,4.8329,2,5000000.0,0.030742278224446813,1100,4,1.0,0,0
39.035298,-77.430125,1.0,1.0,2000.0,6.0055,10.9041,3,0.0,7.1068,3,59000000.0,0.36355763991653334,0010,9,2.0,1,1
41.87,-87.65,1.0,8.0,2011.0,0.0,1.0356,2,1.0356,1.0356,1,1000000.0,0.006089288469477436,0000,2,1.0,0,0
37.758062,-122.418642,1.0,1.0,2007.0,0.9151,6.3096,3,2.7233,2.7233,1,600000.0,0.003623989493980498,0000,5,7.0,1,1
41.853615,-72.70375,1.0,1.0,2006.0,3.3781,3.7753,2,2.8356,3.1397,2,125000000.0,0.7703319708735281,1100,0,2.0,1,0
41.34,-87.61,15.0,1.0,2007.0,3.0493,6.5233,3,0.7945,2.9014,2,2750000.0,0.016874971487276538,1000,11,4.0,1,1
37.3821368,-121.970505,1.0,1.0,2003.0,999.0,999.0,0,2.9178,4.7342,2,30000000.0,0.1848234641930054,1100,1,2.5,1,1
37.433646,-121.886704,1.0,1.0,2003.0,999.0,999.0,0,4.0137,4.0137,1,7000000.0,0.043068773101931496,0010,0,1.0,0,0
37.45604,-122.165399,1.0,1.0,2006.0,0.0,2.5342,2,0.411,0.411,1,6100000.0,0.037521850407063385,0100,10,4.0,1,1
32.721834,-117.161797,1.0,10.0,2010.0,2.2548,2.9781,2,0.5315,1.9205,3,2100000.0,0.012868860652094014,0000,12,4.0,1,0
37.779281,-122.419236,9.0,9.0,2009.0,0.4959,3.011,3,0.1452,0.5014,2,2565000.0,0.015734770711109205,1000,10,3.5,1,1
37.584103,-122.366082,1.0,1.0,1997.0,999.0,999.0,0,10.7589,10.7589,1,2000000.0,0.012252535908219779,0000,0,1.0,0,0
35.76524,-78.731161,1.0,1.0,2003.0,2.0027,2.0027,1,2.5671,5.6904,3,22400000.0,0.1379827836585636,0110,3,3.6667,1,1
40.740441,-73.993376,1.0,6.0,2005.0,6.0027,6.0027,1,1.0822,1.0822,1,6250000.0,0.03844633752287474,1000,12,1.0,0,1
40.750519,-73.993494,1.0,2.0,2010.0,1.0,2.1096,2,1.7479,1.7479,1,575000.0,0.0034699083080119396,0000,4,6.0,0,1
42.387597,-71.099497,1.0,8.0,2009.0,0.0,0.0,1,0.0,0.5808,2,53000.0,0.0002526931449884361,0000,1,1.0,1,0
37.522281,-122.258139,1.0,1.0,2006.0,3.0027,3.6466,2,0.9151,2.7753,2,9500000.0,0.05847689169878736,1100,6,2.5,1,1
30.26,-97.74,1.0,10.0,2009.0,0.2521,1.7507,2,0.0,0.8192,2,3500000.0,0.021497407066333296,1000,7,1.0,1,0
40.729839,-73.991781,1.0,10.0,2009.0,0.5863,3.7534,3,0.7726,1.4959,3,10500000.0,0.06464013913752971,1000,14,6.3333,1,1
37.54827,-121.988572,1.0,1.0,2008.0,2.7836,4.0027,2,0.7562,4.4137,4,34250000.0,0.21101726580766036,1110,14,2.25,1,1
42.37564,-71.2358,1.0,1.0,2006.0,999.0,999.0,0,0.6795,4.5507,5,85381111.0,0.5261509547184609,1110,2,4.6667,1,1
39.436844,-76.618704,1.0,1.0,2000.0,8.0055,11.2548,3,6.1671,7.9205,3,100000000.0,0.6162507849049695,1000,6,2.5,1,1
38.958402,-77.357974,1.0,1.0,2003.0,0.3342,0.3342,1,2.3178,4.2356,2,10600000.0,0.06525646388140394,0100,2,3.0,1,0
37.554214,-121.977451,1.0,1.0,2004.0,2.0027,2.0027,1,2.4192,5.4384,3,26100000.0,0.16078679918191027,0100,2,3.5,1,1
40.762674,-73.9821315,1.0,1.0,2000.0,10.7342,10.7342,1,7.5315,7.5315,1,30000000.0,0.1848234641930054,0000,2,5.0,1,1
41.875555,-87.624421,24.0,9.0,2010.0,1.0301,1.1123,2,1.0575,1.7699,3,132885.0,0.0007450441666323683,0000,6,1.0,1,0
37.39,-121.96,1.0,10.0,2006.0,0.7479,4.4767,2,0.6,4.2247,3,9500000.0,0.05847689169878736,1110,9,2.0,1,1
37.440682,-122.123103,1.0,1.0,2000.0,6.0055,6.0055,1,6.1233,6.1233,1,18000000.0,0.11086449492809729,0000,9,7.0,1,1
39.099909,-84.504243,1.0,2.0,2010.0,1.7479,1.7479,1,1.8329,1.8329,1,690000.0,0.004178681763467309,0000,4,3.0,1,0
33.749099,-84.390185,1.0,1.0,2001.0,999.0,999.0,0,5.1644,6.0055,3,25131611.0,0.15481837815795402,0100,1,1.0,1,1
37.404788,-121.940842,1.0,1.0,2007.0,999.0,999.0,0,3.5288,3.5288,1,2000000.0,0.012252535908219779,0000,1,1.0,1,0
42.3634664,-71.0786638,1.0,1.0,2004.0,5.0055,7.0877,2,1.5836,6.6466,3,78750000.0,0.48528177683169466,1100,4,3.5,1,1
37.551441,-122.291435,1.0,11.0,2006.0,3.3151,6.7918,3,0.2521,4.4055,5,48500000.0,0.29884354180973877,1110,27,2.5,1,1
37.7795182,-122.3902619,1.0,1.0,2005.0,5.1671,8.0082,2,0.5726,0.5726,1,15000000.0,0.09237475261187025,1000,12,3.0,0,0
37.3166526,-122.05074,1.0,1.0,2007.0,999.0,999.0,0,0.9397,5.3178,5,74000000.0,0.4560063514976685,0110,13,5.3333,1,1
37.783171,-122.392901,1.0,1.0,2005.0,2.0,2.0,1,0.7479,2.3315,2,15000000.0,0.09237475261187025,1100,6,3.0,1,1
40.73,-74.01,1.0,1.0,2004.0,3.0027,5.2192,3,2.0027,3.9178,3,45000000.0,0.27727217577414054,1000,8,1.0,0,0
37.400367,-121.985711,1.0,6.0,2006.0,2.0027,2.0027,1,1.9178,1.9178,1,4410000.0,0.02710596223558883,1000,4,1.0,1,1
39.001619,-77.403201,1.0,1.0,2010.0,2.0,2.6767,2,0.0,0.8959,2,4500000.0,0.02766065450507564,1100,9,2.0,1,1
37.788653,-122.401333,1.0,1.0,2007.0,4.6685,5.6849,2,1.6712,3.7863,3,11040000.0,0.06796829275445057,1110,11,2.5,1,1
37.779281,-122.419236,1.0,1.0,2009.0,1.3288,2.9479,2,1.8822,1.8822,1,1600000.0,0.009787236932722841,1000,6,3.0,1,1
40.73901,-73.997259,1.0,1.0,2002.0,7.7534,7.7534,1,3.4164,3.874,2,9000000.0,0.055395267979416185,0100,3,4.0,1,1
37.5484187,-122.3151646,1.0,4.0,2010.0,0.0,3.6767,2,1.3041,2.6493,3,3282327.0,0.020155834506599933,0000,4,2.0,1,1
33.774486,-84.385448,1.0,1.0,2002.0,999.0,999.0,0,5.6986,6.8877,2,8800000.0,0.054162618491667716,1000,2,1.0,1,0
34.0342337,-118.4536137,1.0,9.0,2007.0,0.9178,0.9178,1,1.1836,1.1836,1,1700000.0,0.010403561676597076,1000,1,1.0,0,0
37.835676,-122.263548,1.0,6.0,2010.0,0.0,0.7781,2,0.2493,0.2493,1,20000.0,4.930597950993875e-05,0000,1,1.0,0,0
37.5541073,-121.9756765,1.0,1.0,2005.0,5.0027,8.3534,5,3.1041,4.9205,2,11500000.0,0.07080338657627205,1100,10,2.5,1,1
38.279431,-122.668452,1.0,1.0,2001.0,4.4986,11.4164,3,2.3068,9.4247,7,98170000.0,0.604972042092071,0111,12,5.2,1,0
37.7824533,-122.3879489,1.0,1.0,2010.0,0.7479,2.6849,3,1.2219,1.2219,1,1350000.0,0.008246425073037255,0000,2,10.0,1,1
41.8851542,-87.6223183,1.0,11.0,2005.0,2.989,6.863,2,4.7068,4.7068,1,940261.0,0.005721102230734407,1000,17,1.0,1,1
42.360253,-71.058291,4.0,6.0,2007.0,3.6658,3.6712,3,1.6658,3.6712,2,4000000.0,0.02457903078570447,1000,12,3.0,1,1
37.36883,-122.03635,1.0,1.0,2008.0,1.0027,1.0027,1,1.9562,1.9562,1,5000000.0,0.030742278224446813,1000,5,1.0,0,0
38.881717,-77.089398,17.0,4.0,2009.0,0.5836,0.5836,1,0.0027,0.0027,1,20000.0,4.930597950993875e-05,0000,3,1.0,0,0
47.60732,-122.335746,1.0,1.0,2002.0,3.0027,3.0027,1,4.0301,4.0301,1,12500000.0,0.0769666340150144,0100,5,3.0,1,1
39.568064,-104.977831,1.0,1.0,2009.0,1.3589,1.3753,2,1.3397,4.6548,5,7228704.0,0.044478332444161627,1000,0,2.0,1,0
41.940611,-87.835972,1.0,1.0,2006.0,5.4986,5.4986,1,4.3836,5.9562,2,55000000.0,0.33890465016156396,0100,5,4.0,1,0
37.560155,-122.285588,1.0,1.0,2004.0,999.0,999.0,0,2.063,6.6137,4,15180000.0,0.09348413715084387,1010,5,1.0,1,1
37.404788,-121.940842,1.0,1.0,2008.0,2.3562,4.0027,2,2.3479,3.4301,2,30000000.0,0.1848234641930054,1100,4,2.5,1,0
30.268236,-97.740651,1.0,1.0,2006.0,3.0027,4.4247,3,2.5233,2.6685,2,14500000.0,0.08929312889249909,1100,11,1.5,1,1
37.758229,-122.439512,1.0,1.0,2009.0,2.5808,4.3671,3,2.0685,2.0685,1,6500000.0,0.03998714938256032,0000,6,3.0,1,1
35.149022,-90.051628,29.0,1.0,2012.0,0.0,0.0,1,0.0,0.0,1,15000.0,1.8489742316227034e-05,0000,2,1.0,0,0
40.730646,-73.986614,1.0,7.0,2009.0,1.589,4.1041,3,0.7288,3.6055,5,4705910.0,0.028929728785187077,0000,5,3.0,1,1
37.5783263,-122.3485679,1.0,1.0,2008.0,3.0027,4.6493,2,2.8055,2.8055,1,3000000.0,0.018415783346962124,0000,6,1.0,1,1
40.743808,-73.983626,1.0,2.0,2007.0,3.0438,6.8411,5,0.7452,4.9178,6,125250000.0,0.7718727827332137,1111,30,3.5,1,1
40.730646,-73.986614,1.0,1.0,2008.0,2.3644,3.6685,3,0.3315,4.0027,4,1449998.0,0.008862737490416613,0000,8,1.0,1,0
42.3751,-71.105616,1.0,2.0,2011.0,0.663,2.6247,3,0.6959,1.189,2,6000000.0,0.03690552566318915,1000,5,6.0,1,1
45.006515,-93.46651,1.0,1.0,2005.0,999.0,999.0,0,2.0603,6.2301,3,28200000.0,0.1737296188032692,0110,7,3.0,1,1
37.777741,-122.412198,1.0,8.0,2005.0,5.0027,5.0027,1,3.1479,4.8795,2,14000000.0,0.08621150517312791,1000,5,2.0,1,1
30.35504,-97.801083,1.0,7.0,2007.0,2.2521,2.5342,2,1.5808,1.5808,1,3000000.0,0.018415783346962124,1000,14,1.0,0,0
47.6,-122.32,1.0,1.0,2010.0,0.7479,0.7479,1,1.5151,1.7644,2,2238055.0,0.013719727777249587,0000,6,1.0,1,0
37.779281,-122.419236,1.0,9.0,2010.0,1.9507,2.2822,2,0.7123,2.2849,2,5200000.0,0.031974927712195275,1000,5,1.0,1,0
40.0708709,-75.302716,1.0,1.0,2010.0,1.1479,3.7781,4,3.6329,3.6329,1,75000000.0,0.46216959893641085,0000,4,1.0,0,1
42.296111,-71.238524,1.0,9.0,2006.0,4.2521,5.7671,4,0.411,3.9699,4,24500000.0,0.15092560327992252,1110,13,2.5,1,0
33.63776,-117.855989,1.0,1.0,2002.0,999.0,999.0,0,4.9068,8.1014,3,4476171.0,0.02751379048185785,1000,3,2.0,1,0
30.2729209,-97.7443863,28.0,8.0,2007.0,2.8192,5.8849,3,0.5014,2.4219,3,10400001.0,0.06402382055690291,1100,21,6.0,1,1
40.138979,-105.124465,1.0,1.0,2002.0,5.0027,5.0027,1,4.1836,7.1342,3,68400000.0,0.42149216584071136,0011,8,6.5,1,1
37.512318,-122.200914,1.0,1.0,2004.0,999.0,999.0,0,2.9288,4.6329,2,15200000.0,0.09360740209961872,1100,13,2.0,1,1
40.728425,-73.999882,1.0,1.0,2011.0,999.0,999.0,0,0.6192,1.5863,2,890000.0,0.005411331251215778,0000,2,3.0,1,0
37.779281,-122.419236,1.0,1.0,2001.0,999.0,999.0,0,10.5315,10.5315,1,2600000.0,0.015950484371465186,0000,0,1.0,1,0
41.800255,-88.149362,1.0,1.0,2009.0,3.8301,4.0877,2,3.8685,3.8685,1,1226270.0,0.007483846467441666,0000,7,1.0,1,1
34.147047,-118.148896,1.0,1.0,2002.0,6.7534,6.7534,1,6.737,8.2877,2,9000000.0,0.055395267979416185,1100,5,1.0,0,1
37.317847,-121.948469,1.0,1.0,2004.0,6.0055,6.0055,1,4.6521,8.1288,4,7210210.0,0.04436434934602952,1100,4,1.0,0,1
37.779281,-122.419236,1.0,1.0,2011.0,0.5808,0.5808,1,0.7397,1.1425,2,15700000.0,0.09668902581898989,1000,15,3.0,1,1
42.37564,-71.2358,1.0,1.0,2000.0,5.0055,5.0055,1,5.6849,6.3151,2,15050000.0,0.09268291498380737,0010,4,2.5,1,1
37.8093381,-122.4166061,1.0,8.0,2006.0,1.5836,4.5315,2,0.7479,2.7507,2,3500000.0,0.021497407066333296,1100,5,3.0,1,1
37.4384108,-121.9240273,1.0,1.0,2000.0,5.0055,5.0055,1,6.4767,7.3507,2,43000000.0,0.2649456808966559,0011,2,1.0,1,0
37.775196,-122.419204,1.0,1.0,2005.0,3.2658,5.5397,2,1.1616,3.0384,2,57000000.0,0.3512311450390487,1100,7,3.5,1,1
37.788115,-122.397141,1.0,9.0,2007.0,0.8329,4.2137,4,0.8932,0.8932,1,1300000.0,0.007938262701100138,0000,8,4.0,1,1
32.902266,-117.20834,1.0,1.0,2004.0,4.0877,9.737,4,1.4986,4.4247,4,69750000.0,0.42981254988301354,1111,15,5.0,1,1
42.341899,-71.065924,1.0,1.0,2001.0,9.6247,10.3945,2,3.0,5.0027,2,14500000.0,0.08929312889249909,0100,16,2.0,1,1
37.40006,-122.049689,1.0,1.0,2002.0,999.0,999.0,0,4.0849,5.5836,2,48000000.0,0.29576191809036756,0011,2,6.0,1,0
40.418851,-79.904163,1.0,6.0,2006.0,999.0,999.0,0,3.5041,5.4438,2,3508462.0,0.021549560466159932,1000,3,3.0,1,0
37.55,-122.26,1.0,1.0,2002.0,7.8384,7.8384,1,3.4301,5.5589,3,19500000.0,0.1201093660862108,1100,10,3.3333,1,1
34.019657,-118.487549,1.0,1.0,2012.0,1.1041,1.6795,3,0.4685,0.4685,1,3750000.0,0.023038218926018882,0000,5,9.0,1,1
41.817807,-88.173402,1.0,8.0,2010.0,999.0,999.0,0,0.0,0.0,1,45000000.0,0.27727217577414054,0000,1,2.0,0,0
35.79181,-78.74123,1.0,4.0,2005.0,4.5562,7.9863,3,0.8164,5.5616,4,32500000.0,0.20023158278986128,1111,8,2.75,1,0
40.063476,-75.457492,1.0,3.0,2000.0,5.674,13.5562,5,1.8384,8.3397,2,4900000.0,0.03012595348057258,0100,4,1.5,1,1
37.382376,-122.037607,1.0,1.0,2005.0,3.5945,4.5753,3,2.2986,3.211,2,12000000.0,0.07388501029564322,0110,4,2.0,1,0
37.766909,-122.406676,20.0,1.0,2006.0,4.5151,6.9123,6,0.0329,2.2055,3,7175000.0,0.044147341403711404,1100,12,2.6667,1,1
37.793148,-122.402567,1.0,12.0,2005.0,0.0849,5.3863,4,1.1699,1.4986,2,4700000.0,0.02889330399282411,1000,3,1.5,1,0
37.17,-121.65,1.0,1.0,2008.0,999.0,999.0,0,0.0,0.0,1,120000.0,0.0006656307233841732,0000,3,2.0,0,0
37.393679,-122.079017,2.0,5.0,2002.0,5.6712,6.8986,2,5.1041,8.6411,3,10000000.0,0.06155851541815853,0100,10,1.6667,0,1
30.435079,-97.770139,1.0,7.0,2000.0,999.0,999.0,0,4.9562,10.3151,4,39000000.0,0.2402926911416865,1000,0,3.0,0,0
42.345927,-71.552287,1.0,1.0,2003.0,999.0,999.0,0,2.2411,4.0301,2,16100000.0,0.09915432479448683,0110,3,2.5,1,1
37.795191,-122.430411,1.0,1.0,2006.0,2.4986,5.3233,3,1.2466,2.0849,2,3300000.0,0.020264757578584827,1000,4,2.0,1,1
37.779281,-122.419236,1.0,2.0,2009.0,1.2438,1.7726,3,1.5616,1.5616,1,750000.0,0.00454847660979185,0000,6,9.0,1,1
40.730646,-73.986614,1.0,1.0,1996.0,999.0,999.0,0,11.3342,11.3342,1,7410000.0,0.04559570455181586,0000,3,3.0,1,0
37.404788,-121.940842,1.0,1.0,2000.0,999.0,999.0,0,6.8932,10.4082,3,52800000.0,0.3253455057963308,0010,5,5.3333,1,1
33.97279,-118.427578,1.0,1.0,2001.0,9.7534,12.8027,4,4.6685,9.1178,3,37000000.0,0.2279661962642018,1110,33,1.3333,1,0
37.7983181,-122.4000032,1.0,12.0,2007.0,2.463,3.2164,3,1.137,3.737,3,14229998.0,0.08762903975754377,1100,14,3.0,1,1
37.320309,-122.05004,1.0,1.0,2009.0,0.7671,2.7918,2,0.7205,2.4356,2,3000000.0,0.018415783346962124,1100,7,2.5,1,1
40.730646,-73.986614,1.0,1.0,2005.0,6.0027,6.0027,1,4.0384,4.0384,1,20000000.0,0.12319098980558198,1000,10,1.0,0,1
41.84,-71.39,1.0,11.0,2008.0,1.6548,2.0959,3,0.7479,2.0959,2,2000000.0,0.012252535908219779,0000,6,1.5,1,1
38.897976,-77.028561,1.0,1.0,2003.0,9.0055,9.7726,2,3.8192,6.0932,2,19900000.0,0.12257466506170774,0100,3,2.0,1,1
37.781689,-122.391061,1.0,9.0,2006.0,2.589,2.589,1,1.2493,1.2493,1,1500000.0,0.009170912188848607,0000,6,1.0,0,0
37.779281,-122.419236,1.0,7.0,2009.0,1.2521,1.2521,1,0.0,0.0,1,325000.0,0.0019290964483263534,0000,4,4.0,0,0
37.787249,-122.3990501,1.0,9.0,2010.0,1.2795,1.8192,2,0.463,0.463,1,3500000.0,0.021497407066333296,1000,16,5.0,1,0
47.602873,-122.336132,1.0,1.0,2004.0,1.5836,4.1918,2,2.0027,4.3863,4,30000000.0,0.1848234641930054,1100,7,2.0,1,0
37.41,-122.05,1.0,1.0,2003.0,999.0,999.0,0,4.2384,4.2384,1,50000000.0,0.3080884129678523,0001,1,6.0,1,1
40.745003,-73.983229,1.0,1.0,2008.0,1.0027,1.4712,2,1.4712,1.4712,1,2000000.0,0.012252535908219779,1000,5,3.0,1,1
37.52845,-122.263721,1.0,5.0,2005.0,6.1699,8.3534,2,1.5041,5.8356,6,72000000.0,0.44367985662018383,1111,25,2.3333,1,1
34.045919,-118.16525,1.0,1.0,2004.0,8.4219,8.4219,1,1.6849,5.8493,3,27690547.0,0.17058973390585958,0111,4,4.5,1,1
33.068275,-96.711101,1.0,3.0,2004.0,999.0,999.0,0,2.189,2.189,1,9000000.0,0.055395267979416185,0100,32,4.0,1,0
37.39,-122.08,1.0,6.0,2008.0,3.1315,4.137,3,0.4192,1.4658,2,7500000.0,0.04615039682130267,1000,12,3.5,1,1
30.271393,-97.748623,1.0,1.0,2007.0,3.4164,3.4164,1,0.6932,1.4986,2,10000000.0,0.06155851541815853,1000,9,2.0,1,1
34.142973,-118.140553,1.0,1.0,2006.0,2.0,2.0,1,1.4411,6.6795,4,5965000.0,0.03668981200283317,1000,7,1.0,0,1
37.465645,-121.932202,1.0,4.0,2006.0,0.4082,7.4548,4,0.0,0.0,1,4000000.0,0.02457903078570447,1000,9,1.0,0,1
42.548008,-83.214753,1.0,1.0,2003.0,7.0055,7.0055,1,5.1397,5.1397,1,5000000.0,0.030742278224446813,0000,2,1.0,0,0
37.32052,-121.948399,1.0,1.0,2004.0,5.0959,7.3863,2,1.0877,1.0877,1,11500000.0,0.07080338657627205,1000,15,2.0,1,1
41.875555,-87.624421,1.0,1.0,2009.0,1.5808,1.5808,1,1.0356,2.1479,2,1050000.0,0.006397450841414553,0000,2,1.0,0,0
40.7566658,-73.9827553,1.0,1.0,2007.0,1.3507,3.3315,2,1.1644,1.3507,2,5500000.0,0.03382390194381798,1000,13,2.0,1,1
40.74,-74.0,1.0,2.0,2007.0,1.0877,3.337,4,0.8301,2.8329,3,5000000.0,0.030742278224446813,1000,17,1.6667,1,1
36.9397206,-121.7768449,1.0,1.0,2006.0,999.0,999.0,0,1.2137,3.0082,2,7000000.0,0.043068773101931496,1000,4,2.0,0,0
42.375219,-71.056101,1.0,1.0,2005.0,2.0,3.8137,4,1.2466,2.1616,2,32000000.0,0.1971499590704901,1100,14,3.5,1,0
42.358822,-71.104329,1.0,1.0,2007.0,2.6685,3.0575,2,0.7123,4.2301,3,7900000.0,0.048615695796799606,1000,8,2.0,0,1
37.74,-122.41,1.0,4.0,2006.0,2.7945,7.4493,3,0.6685,6.2795,5,80000000.0,0.4929858361301226,1111,16,2.25,1,1
30.280148,-97.749908,1.0,1.0,2005.0,0.2466,0.2466,1,4.8247,4.8247,1,5000000.0,0.030742278224446813,0000,1,1.0,1,0
47.638456,-122.356965,1.0,1.0,2006.0,2.4301,7.6247,3,1.0,3.1863,2,2100000.0,0.012868860652094014,1000,5,1.5,1,1
39.0,-77.1,1.0,12.0,2004.0,3.4164,3.4164,1,0.2055,4.3973,4,22250000.0,0.13705829654275226,1111,6,2.5,1,1
40.723652,-73.985281,1.0,1.0,2008.0,3.5918,4.326,2,0.0,0.0,1,1000000.0,0.006089288469477436,0000,0,1.0,1,1
40.602206,-75.471279,1.0,1.0,2008.0,999.0,999.0,0,2.3452,2.3452,1,35000000.0,0.21563970138671712,0010,0,1.0,0,0
40.75,-73.98,1.0,9.0,2005.0,3.663,5.611,5,0.0822,4.326,7,88651133.0,0.546304909434592,1111,12,3.1667,1,1
42.5656454,-71.3222696,1.0,1.0,2000.0,999.0,999.0,0,5.5945,5.5945,1,26000000.0,0.16017047443803603,0000,3,2.0,1,1
34.054935,-118.244476,1.0,5.0,2010.0,0.0,0.7562,2,0.6712,0.6712,1,100000.0,0.0005423657746093263,0000,3,1.0,0,0
39.750152,-104.996438,1.0,6.0,2005.0,3.811,4.9178,3,1.0,1.0,1,5000000.0,0.030742278224446813,1000,6,1.0,1,1
34.062588,-84.16923,1.0,1.0,2000.0,999.0,999.0,0,6.8356,8.3096,2,7300000.0,0.0449177473335542,1000,5,3.0,1,0
37.406914,-122.09037,1.0,1.0,2003.0,4.0027,10.7616,2,2.0027,6.2274,3,64080000.0,0.39486693690534447,1110,8,4.0,1,1
41.82,-71.41,1.0,7.0,2010.0,0.0822,1.7205,2,1.3425,1.726,2,5800000.0,0.03567287617544068,1000,8,4.0,1,1
37.791388,-122.392148,1.0,1.0,2004.0,5.9233,6.0,2,4.0027,5.7534,4,89500000.0,0.5515366867981749,0110,6,1.0,1,0
37.788482,-122.409173,1.0,12.0,2006.0,3.0877,4.1699,2,0.5808,5.2521,4,23350000.0,0.14383786872536883,1100,11,3.0,1,1
42.393662,-71.255855,1.0,10.0,2002.0,999.0,999.0,0,3.6877,5.9644,2,13500000.0,0.08312988145375674,0010,7,2.5,1,1
42.496515,-71.480233,1.0,1.0,2000.0,11.0329,11.0575,2,7.3534,8.126,2,24500000.0,0.15092560327992252,0000,13,5.5,1,1
37.534538,-122.252466,1.0,1.0,2002.0,3.0027,3.0027,1,3.6027,3.6027,1,10000000.0,0.06155851541815853,0010,2,4.0,1,0
30.161661,-95.471256,1.0,1.0,1992.0,999.0,999.0,0,16.4192,16.4192,1,6000000.0,0.03690552566318915,0100,0,3.0,0,0
37.424298,-122.139809,1.0,7.0,2008.0,1.3479,1.3479,1,1.337,1.337,1,2000000.0,0.012252535908219779,1000,3,2.0,1,1
30.280148,-97.749908,1.0,6.0,2010.0,0.0,1.1123,2,1.1123,1.937,2,4100000.0,0.025195355529578703,1000,3,1.5,1,1
37.40047,-122.072981,19.0,8.0,2004.0,1.9507,8.3178,4,0.3699,0.3699,1,6200000.0,0.03813817515093762,1000,5,2.0,1,1
37.767575,-122.411157,1.0,1.0,2003.0,4.0027,4.0027,1,4.0877,5.5753,2,12250000.0,0.07542582215532881,0110,8,2.5,1,1
37.779281,-122.419236,14.0,4.0,2003.0,5.7233,8.7342,2,3.3945,5.0712,2,11725600.0,0.07219381519845232,1100,3,2.0,1,1
42.504817,-71.195611,1.0,1.0,2001.0,999.0,999.0,0,4.3151,5.8301,2,16000000.0,0.0985380000506126,1100,1,3.0,1,0
47.603832,-122.330062,11.0,8.0,2006.0,3.3945,4.9863,2,2.4767,4.3836,3,5056559.0,0.03109086533633464,1000,10,1.6667,1,1
37.780883,-122.395257,1.0,1.0,2005.0,6.8329,8.874,3,0.4137,0.4137,1,100000.0,0.0005423657746093263,0000,9,1.0,1,1
37.779281,-122.419236,1.0,9.0,2001.0,4.0027,8.3014,3,2.3342,6.9671,3,68200000.0,0.42025951635296294,0000,11,4.0,1,1
37.789429,-122.276524,1.0,1.0,2001.0,6.0027,6.0027,1,4.0877,9.3068,3,33000000.0,0.20331320650923243,0101,5,3.6667,1,1
35.986906,-78.896718,1.0,1.0,2009.0,2.0822,2.3288,2,1.7863,3.3014,3,3352194.0,0.020586442115402545,1000,8,9.5,0,0
40.750519,-73.993494,1.0,3.0,2010.0,0.1616,1.8384,2,1.4082,1.9068,2,2212000.0,0.013559144365233157,1000,5,3.0,1,1
37.484347,-122.225803,1.0,1.0,2004.0,999.0,999.0,0,5.9014,7.2904,4,19800000.0,0.12195834031783351,0001,1,5.0,1,1
37.566009,-122.321646,1.0,2.0,2010.0,1.1014,1.1616,2,0.8301,1.0986,2,4500000.0,0.02766065450507564,1000,6,3.0,1,0
42.2960173,-71.2128734,1.0,1.0,2004.0,4.0027,4.0027,1,4.0027,4.0055,2,14000000.0,0.08621150517312791,0100,2,1.5,1,1
26.106273,-80.41894,11.0,11.0,2011.0,0.0685,0.4,2,0.0548,0.0548,1,100000.0,0.0005423657746093263,0000,4,1.0,0,0
37.4027811,-122.1441615,1.0,1.0,2004.0,3.0027,5.3425,2,2.3562,3.4274,2,9900000.0,0.060942190674284295,1100,4,2.0,1,1
37.779281,-122.419236,1.0,1.0,2008.0,5.0055,5.7945,2,0.0,5.063,3,7600000.0,0.0467667215651769,1100,10,5.0,1,1
34.430786,-119.715074,1.0,7.0,2008.0,0.737,0.737,1,0.0,0.0,1,50000.0,0.00023420340267220905,0000,2,2.0,0,0
37.448944,-122.161415,1.0,2.0,2007.0,999.0,999.0,0,0.0,0.0,1,650000.0,0.0039321518659176154,0000,3,1.0,0,0
34.005914,-118.488129,1.0,1.0,2008.0,2.4164,2.7288,3,0.9178,2.7288,3,10500000.0,0.06464013913752971,1100,8,2.0,1,0
34.019657,-118.487549,1.0,1.0,2012.0,0.0,0.9178,2,0.4712,0.4712,1,500000.0,0.0030076647501062637,0000,12,1.0,0,1
37.390501,-122.081151,1.0,1.0,2003.0,2.0027,10.189,3,1.9342,4.0438,2,24300000.0,0.14969295379217404,0110,2,2.5,1,1
37.386778,-121.966277,1.0,1.0,1999.0,7.0055,7.0055,1,7.4904,7.874,2,18000000.0,0.11086449492809729,0100,6,4.0,1,0
37.779507,-122.39071,1.0,5.0,2007.0,3.8438,6.5589,5,0.6548,3.5452,3,26000000.0,0.16017047443803603,1110,27,3.6667,1,1
37.391642,-122.093935,1.0,1.0,2005.0,999.0,999.0,0,2.2466,5.0356,2,9500000.0,0.05847689169878736,0100,2,3.0,1,0
39.2328783,-76.8204666,1.0,1.0,2000.0,5.0055,5.0055,1,7.3151,7.3151,1,16980999.0,0.1045841396247714,0100,6,1.0,1,1
37.419819,-122.090188,1.0,1.0,2004.0,1.1644,3.5699,2,1.0027,1.0027,1,5000000.0,0.030742278224446813,1000,2,3.0,0,0
47.657943,-117.421226,1.0,4.0,2007.0,999.0,999.0,0,1.6712,1.6712,1,350000.0,0.002083177634294912,0000,3,1.0,0,0
42.485691,-71.19862,1.0,1.0,2006.0,1.0,1.0,1,1.2384,4.9726,5,13130000.0,0.08084947990142206,1000,1,2.0,1,0
47.6,-122.32,1.0,1.0,2008.0,0.0,2.8219,2,2.8247,2.8247,1,20000000.0,0.12319098980558198,1000,1,1.0,0,0
42.372912,-71.118999,1.0,6.0,2006.0,2.0685,6.9973,4,0.5014,3.2959,3,26500000.0,0.1632520981574072,1100,18,2.0,1,1
42.432106,-71.453968,1.0,1.0,2002.0,999.0,999.0,0,3.6986,4.1041,2,15000000.0,0.09237475261187025,0100,4,5.0,1,1
39.414219,-77.410927,1.0,1.0,2002.0,999.0,999.0,0,4.3041,4.3041,1,2600000.0,0.015950484371465186,1000,0,1.0,0,0
37.54827,-121.988572,1.0,1.0,2004.0,999.0,999.0,0,2.3973,6.0329,4,21470000.0,0.13225096354053323,1100,1,3.5,1,0
30.280148,-97.749908,1.0,5.0,2010.0,0.274,0.863,2,0.0,0.0,1,20000.0,4.930597950993875e-05,0000,5,1.0,0,0
37.384239,-122.012475,1.0,1.0,2005.0,2.0,6.9178,3,1.9151,2.5808,2,3600000.0,0.02211373181020753,1000,10,1.0,0,0
40.728425,-73.999882,1.0,5.0,2005.0,8.0055,8.4,4,0.8329,7.2521,7,27300000.0,0.1681826961084011,1111,23,2.0,1,1
37.779281,-122.419236,1.0,1.0,2012.0,1.0493,1.0493,1,0.5863,0.5863,1,2600000.0,0.015950484371465186,1000,8,2.0,0,1
37.424298,-122.139809,1.0,1.0,2010.0,0.0,1.411,2,0.8027,0.8027,1,5000000.0,0.030742278224446813,1000,5,1.0,1,0
32.897274,-117.201076,1.0,1.0,2004.0,3.6685,6.2247,2,4.7589,6.2247,2,17000000.0,0.10470124748935494,1100,2,3.5,1,1
43.643967,-70.923675,1.0,1.0,2008.0,999.0,999.0,0,4.3699,4.3699,1,662000.0,0.004006110835182524,1000,0,3.0,0,0
40.73901,-73.997259,1.0,1.0,2010.0,2.0055,2.7315,2,0.0,1.0247,2,3750000.0,0.023038218926018882,1000,12,4.0,1,1
37.764726,-122.394523,11.0,10.0,2004.0,5.2466,9.1534,8,0.9726,6.7534,4,45000000.0,0.27727217577414054,1111,57,4.6667,1,1
40.7473113,-73.9549182,1.0,11.0,2007.0,2.8356,6.1123,4,3.8849,5.863,2,6700000.0,0.04121979887030879,0000,9,8.0,1,1
37.536402,-122.325129,1.0,1.0,2006.0,2.0,4.474,2,0.1753,3.8795,3,20750000.0,0.12781342538463872,1100,12,2.3333,1,1
37.786942,-122.401245,1.0,1.0,2006.0,999.0,999.0,0,1.1616,7.5041,4,19000000.0,0.11702774236683963,1110,5,2.0,1,1
37.778613,-122.395289,1.0,10.0,2006.0,999.0,999.0,0,0.0,0.6658,3,22500000.0,0.13859910840243783,1000,20,4.0,1,1
37.792394,-122.402349,1.0,5.0,2005.0,2.2384,3.7562,3,0.5041,3.0986,3,7300000.0,0.0449177473335542,1100,10,2.0,1,1
47.6,-122.32,3.0,3.0,2005.0,4.3151,5.9041,3,0.7479,7.8247,7,26390819.0,0.1625791886387979,1100,16,1.3333,1,0
47.582658,-122.135282,1.0,11.0,2004.0,999.0,999.0,0,4.4959,4.4959,1,10000000.0,0.06155851541815853,0010,4,3.0,1,1
40.73901,-73.997259,1.0,9.0,2010.0,0.0,0.0,1,0.0849,0.0849,1,31000.0,0.00011710170133610454,0000,1,2.0,0,0
37.451026,-122.18676,1.0,10.0,2005.0,1.7479,6.1452,4,1.7479,2.7288,3,21500000.0,0.1324358609636955,1100,16,3.3333,1,1
39.540323,-104.857271,1.0,1.0,2002.0,6.5863,6.5863,1,4.8521,4.8521,1,4000000.0,0.02457903078570447,0000,5,5.0,1,1
33.75,-118.31,1.0,7.0,2006.0,2.9863,4.0219,4,0.5041,3.7068,3,9400000.0,0.05786056695491312,1100,5,4.0,1,1
40.69,-74.02,16.0,4.0,2007.0,1.7562,4.874,4,0.0411,2.1288,3,5600000.0,0.03444022668769221,1100,9,2.0,1,1
37.782101,-122.389519,1.0,8.0,2006.0,3.5836,5.4767,2,2.0027,3.0466,2,6000000.0,0.03690552566318915,1100,9,2.5,1,1
33.7862629,-84.3877936,31.0,10.0,2000.0,10.4164,12.1863,3,2.137,10.1288,4,60704370.0,0.37406209395370266,0101,35,2.0,1,1
37.7822788,-122.392978,1.0,4.0,2009.0,3.9178,4.5041,2,0.7534,3.0712,3,2000000.0,0.012252535908219779,0000,16,3.6667,1,1
37.778551,-122.391686,1.0,11.0,2008.0,0.5808,1.737,3,0.4548,0.7041,2,1000000.0,0.006089288469477436,1000,5,5.5,1,1
40.012771,-75.239234,17.0,10.0,2007.0,0.7918,1.3973,2,1.126,1.4055,2,200000.0,0.0011586905184835605,1000,3,2.0,1,0
37.628328,-122.420814,1.0,1.0,2007.0,0.0,1.863,2,1.8658,1.8658,1,2300000.0,0.014101510139842482,1000,2,2.0,1,0
37.7885714,-122.4035985,1.0,1.0,2006.0,0.7479,3.4164,4,2.2164,2.2164,1,1000000.0,0.006089288469477436,1000,5,1.0,1,0
37.779624,-122.391236,1.0,11.0,2003.0,4.9781,7.0301,3,0.8356,5.7534,5,24750000.0,0.1524664151396081,1100,13,2.4,1,1
42.055849,-87.694664,15.0,5.0,2005.0,6.6356,6.6356,1,2.5534,6.3945,2,12800000.0,0.0788156082466371,1100,15,2.0,1,0
37.4305755,-122.0971389,1.0,1.0,2001.0,7.0027,7.0027,1,4.2384,6.5753,2,30500000.0,0.1879050879123766,0001,10,4.5,1,1
33.133524,-117.254593,1.0,1.0,2003.0,5.6055,7.8384,2,5.5671,8.5342,3,36300000.0,0.22365192305708217,0010,3,1.5,1,0
37.779281,-122.419236,1.0,1.0,2008.0,3.0877,4.7753,3,2.1726,3.0849,3,6693782.0,0.04118147579773469,0000,7,1.6667,1,1
32.901049,-117.192656,1.0,1.0,1996.0,999.0,999.0,0,11.4329,11.4329,1,20000000.0,0.12319098980558198,0010,1,5.0,1,0
37.316653,-122.05074,1.0,1.0,2005.0,3.6849,5.6274,3,3.4767,3.4767,1,11370000.0,0.07000216440923554,1000,8,2.0,1,1
34.090368,-118.393064,1.0,6.0,2006.0,3.5425,6.0712,4,0.5863,2.6384,3,16500000.0,0.10161962376998376,1110,13,1.3333,1,1
37.794891,-122.397901,1.0,9.0,2008.0,3.411,3.411,1,0.0,0.0,1,250000.0,0.0014668528904206778,0000,3,3.0,0,0
40.7043822,-73.9865717,1.0,8.0,2006.0,3.4219,7.2274,5,0.5041,3.3562,5,14400000.0,0.08867680414862485,1100,9,5.8,1,1
40.756054,-73.986951,1.0,9.0,2007.0,4.7616,5.1507,3,0.0,3.9562,5,90000000.0,0.5546183105175461,1111,24,3.8,1,1
37.69,-122.47,14.0,2.0,2005.0,5.6959,8.1781,2,1.0164,7.1534,4,13075000.0,0.08051050129229124,1100,10,4.0,1,1
42.504817,-71.195611,1.0,1.0,2008.0,3.0027,4.5041,2,3.1616,3.6904,2,16300000.0,0.1003869742822353,0100,6,2.0,1,1
30.409765,-97.75101,1.0,1.0,2003.0,7.0055,7.0055,1,4.4521,7.2274,2,5992316.0,0.03685816726986985,1000,5,2.0,0,1
32.962655,-117.189656,1.0,1.0,2007.0,999.0,999.0,0,3.0575,5.011,4,89400001.0,0.5509203682175481,1100,2,4.3333,1,1
37.4233698,-122.0986859,10.0,5.0,2005.0,5.3151,5.3151,1,0.8027,0.8027,1,1200000.0,0.007321937957225905,1000,4,1.0,0,0
40.729839,-73.991781,1.0,1.0,2009.0,1.3288,3.1096,2,1.1836,1.3781,2,1900000.0,0.011636211164345545,1000,7,2.5,1,0
37.779281,-122.419236,1.0,1.0,1999.0,7.0055,11.3836,2,9.3534,12.4055,3,30300000.0,0.1866724384246281,0001,9,4.5,1,0
40.730646,-73.986614,29.0,8.0,2006.0,999.0,999.0,0,2.0027,2.0027,1,500000.0,0.0030076647501062637,0000,4,5.0,0,0
34.049767,-118.459387,1.0,8.0,2006.0,6.4247,7.3562,2,0.0,6.9671,5,74000000.0,0.4560063514976685,1111,19,1.75,1,1
32.945354,-96.708874,1.0,1.0,2000.0,999.0,999.0,0,7.1205,7.1205,1,18800000.0,0.11579509287909116,0010,3,7.0,1,1
42.8138649,-86.023846,1.0,1.0,2009.0,0.4192,0.4192,1,0.3288,0.3288,1,20000.0,4.930597950993875e-05,0000,3,1.0,0,0
38.969532,-77.385948,1.0,1.0,2009.0,1.5096,2.1781,2,0.1616,2.1781,4,3350000.0,0.020572919950521944,1100,3,1.5,0,1
40.944543,-74.075419,1.0,1.0,2005.0,999.0,999.0,0,5.0192,5.0192,1,26100000.0,0.16078679918191027,0000,1,2.0,1,1
40.441694,-79.990086,1.0,1.0,2009.0,999.0,999.0,0,1.411,2.5151,2,1213066.0,0.0074024669482605126,0000,0,1.0,1,0
37.425359,-122.1389633,1.0,1.0,2008.0,0.7616,4.9288,3,0.8438,4.2219,3,24030000.0,0.14802887698371361,1100,18,3.6667,1,1
37.764169,-122.402021,1.0,10.0,2006.0,1.9863,5.9616,5,0.4986,3.4247,3,13100000.0,0.0806645824782598,0110,14,1.6667,1,1
40.757929,-73.985506,1.0,4.0,2008.0,0.3014,5.0082,5,0.0822,1.7671,3,560001.0,0.003377465759678243,0000,6,3.5,1,1
45.11,-93.5,1.0,1.0,2009.0,2.9068,4.1918,3,2.8493,2.8493,1,3500000.0,0.021497407066333296,1000,7,2.0,1,1
42.368633,-71.075305,1.0,1.0,2005.0,7.0521,8.6192,3,0.1616,7.5041,7,121500000.0,0.7487606048379299,1111,45,4.5,1,1
37.409096,-121.943191,1.0,1.0,2005.0,2.0,2.0,1,0.9726,3.8438,4,42500000.0,0.26186405717728467,1110,18,2.5,1,1
35.996653,-78.901805,1.0,1.0,2000.0,6.0055,6.0055,1,5.4384,6.4192,2,36000000.0,0.22180294882545948,0001,26,3.5,1,1
37.793949,-122.398062,1.0,8.0,2005.0,2.9178,5.4822,2,2.5973,2.5973,1,12170000.0,0.07493276236022942,0010,7,3.0,1,0
40.730646,-73.986614,1.0,1.0,2002.0,8.0055,9.8356,2,5.7534,5.7534,1,1000000.0,0.006089288469477436,1000,4,3.0,1,1
37.76,-122.39,1.0,7.0,2008.0,2.4986,4.7205,4,3.337,3.937,3,1820000.0,0.011143151369246157,0000,5,1.0,0,1
47.67,-122.18,1.0,10.0,2003.0,5.2575,9.7753,2,4.6,9.4164,4,57000000.0,0.3512311450390487,0000,19,4.25,1,1
32.960431,-96.83026,1.0,1.0,2001.0,0.0849,11.9699,2,6.9699,6.9699,1,5000000.0,0.030742278224446813,0010,6,5.0,1,1
40.750519,-73.993494,1.0,1.0,2010.0,1.6356,1.6356,1,0.8384,1.4055,2,18800000.0,0.11579509287909116,1100,4,2.5,1,1
37.406914,-122.09037,1.0,1.0,2003.0,999.0,999.0,0,2.3452,3.3534,2,72300000.0,0.4455288308518065,0110,3,4.5,1,1
42.479262,-71.152277,1.0,1.0,2003.0,4.0027,4.0027,1,2.4164,4.7753,2,15000000.0,0.09237475261187025,1100,2,2.5,1,0
40.7516611,-73.9843328,1.0,3.0,2004.0,5.337,7.274,5,2.2521,4.7397,3,39007789.0,0.24034069667598687,1110,22,3.0,1,1
42.504817,-71.195611,1.0,1.0,2004.0,1.9151,1.9151,1,2.0685,2.0685,1,25000000.0,0.1540072269992937,0001,3,5.0,1,1
42.360253,-71.058291,1.0,1.0,2009.0,1.3288,2.7534,2,0.3288,2.0932,3,172500.0,0.000989201213918146,0000,4,1.0,0,1
40.730646,-73.986614,12.0,3.0,2009.0,2.3041,3.5507,2,1.6658,2.1123,2,6100000.0,0.037521850407063385,1100,23,1.0,1,1
37.862592,-122.493561,1.0,1.0,2004.0,1.6685,9.0904,5,2.2192,7.9315,3,40300000.0,0.24830491281205155,0110,7,4.0,1,1
34.098242,-118.35697,8.0,1.0,2011.0,0.3753,0.5425,3,0.3616,0.3616,1,100000.0,0.0005423657746093263,0000,9,1.0,0,0
47.6399006,-122.1914274,1.0,9.0,2007.0,2.7507,5.589,2,0.3342,5.4904,5,19389998.0,0.11943139654145427,1110,14,1.5,1,1
37.626166,-122.411025,1.0,1.0,2000.0,5.5863,11.9452,3,2.4822,4.8192,2,61500000.0,0.3789657585133892,0101,21,4.0,1,1
37.779281,-122.419236,1.0,1.0,2007.0,4.0027,5.7178,2,3.4411,3.4411,1,6000000.0,0.03690552566318915,1000,6,2.0,1,1
40.756054,-73.986951,17.0,10.0,2008.0,0.0411,3.9178,3,0.2219,2.0548,4,3499997.0,0.02149738857659098,1000,8,1.5,1,1
37.502742,-122.211281,1.0,3.0,2006.0,4.7178,5.0959,2,1.2521,1.874,3,2600000.0,0.015950484371465186,1000,13,3.6667,1,1
33.685697,-117.825982,1.0,1.0,2002.0,999.0,999.0,0,5.1068,5.1068,1,25000000.0,0.1540072269992937,0000,3,4.0,1,1
34.019657,-118.487549,1.0,3.0,2009.0,2.8384,4.0192,4,0.7205,3.5945,4,66000000.0,0.40670037198772974,1110,17,2.3333,1,1
40.74929,-73.981328,1.0,9.0,2009.0,1.663,1.663,1,1.4192,1.4466,2,1000000.0,0.006089288469477436,0000,5,3.5,0,1
37.424298,-122.139809,1.0,1.0,2010.0,3.2493,3.7836,2,1.3288,2.063,2,13000000.0,0.08004825773438556,1100,11,3.0,1,1
42.37564,-71.2358,1.0,1.0,1998.0,12.5041,14.0329,2,7.6932,14.0329,3,24150000.0,0.1487684666763627,1100,3,2.3333,1,0
37.354469,-121.990433,1.0,1.0,2004.0,999.0,999.0,0,5.8411,8.2219,3,47218498.0,0.29094532789049554,0011,4,3.3333,1,0
42.37564,-71.2358,1.0,1.0,2002.0,0.0,7.9178,2,3.6137,4.3753,2,11800000.0,0.07265236080789475,0011,1,4.5,1,1
35.96544,-115.106579,1.0,9.0,2008.0,0.0822,0.0822,1,1.5973,2.1781,2,2387481.0,0.014640677189031101,0000,2,1.0,1,0
42.346743,-71.076632,1.0,1.0,2000.0,11.589,13.5863,5,0.8356,7.5863,4,33000000.0,0.20331320650923243,1110,35,2.5,1,1
38.872668,-77.367981,1.0,1.0,2005.0,4.0027,7.3205,3,2.6712,3.8822,2,7500000.0,0.04615039682130267,1100,4,1.5,1,1
37.404788,-121.940842,1.0,1.0,2000.0,4.0027,4.0027,1,6.7479,6.7479,1,25000000.0,0.1540072269992937,0010,3,1.0,1,1
37.386778,-121.966277,1.0,1.0,2002.0,4.0027,4.0027,1,3.7096,8.9562,4,25305000.0,0.1558870174681101,1110,7,2.0,1,1
37.379684,-121.97514,29.0,8.0,2003.0,999.0,999.0,0,2.2712,6.3781,6,53816776.0,0.33161214787410553,0111,8,5.0,1,1
40.73,-73.99,1.0,6.0,2005.0,2.674,8.3836,4,0.0,0.9151,2,3500000.0,0.021497407066333296,1100,15,5.5,1,1
37.388869,-122.072353,1.0,4.0,2007.0,4.7562,6.0466,2,5.0767,5.0767,1,5000000.0,0.030742278224446813,1000,7,1.0,0,1
37.56,-122.37,1.0,6.0,2007.0,3.7699,5.9233,3,0.0,2.5397,3,2515000.0,0.015426608339172086,1000,9,1.6667,1,1
42.6161515,-71.3258687,1.0,1.0,2006.0,2.5205,5.0192,3,1.0849,2.4986,2,8400000.0,0.05169731951617078,1100,10,2.0,1,1
34.01695,-118.451933,1.0,1.0,2004.0,2.0301,4.6164,3,2.5836,4.0027,2,4900000.0,0.03012595348057258,1100,5,1.0,1,0
47.614422,-122.192337,1.0,1.0,2001.0,5.0027,5.0027,1,4.2959,4.2959,1,5000000.0,0.030742278224446813,0000,3,5.0,1,0
40.825655,-73.467622,1.0,1.0,2001.0,999.0,999.0,0,4.4904,4.4904,1,11000000.0,0.06772176285690087,0010,2,3.0,1,1
37.381876,-121.95993,1.0,1.0,2000.0,999.0,999.0,0,1.0027,8.2548,4,68400000.0,0.42149216584071136,1011,6,4.0,1,1
37.779281,-122.419236,1.0,1.0,2007.0,3.6356,4.6685,2,3.0877,4.2795,2,2000000.0,0.012252535908219779,1000,7,8.5,1,1
40.730646,-73.986614,1.0,4.0,2006.0,0.0,0.0,1,0.6685,1.926,2,10800000.0,0.0664891133691524,1000,2,2.0,1,0
40.729839,-73.991781,9.0,5.0,2005.0,5.7616,7.4877,3,0.0,5.2329,5,37000000.0,0.2279661962642018,1110,31,2.5,1,1
37.419347,-122.089639,1.0,1.0,2004.0,4.0027,9.8849,3,2.5233,2.5233,1,7660000.0,0.04713651641150144,1000,5,6.0,1,1
42.537592,-71.51201,1.0,1.0,2005.0,3.0,6.0329,3,0.3397,5.2247,4,48730000.0,0.3002610887206495,1110,5,3.0,1,1
34.054935,-118.244476,1.0,1.0,2009.0,1.4137,1.4137,1,0.0,1.4137,2,3350000.0,0.020572919950521944,1000,1,2.5,1,0
34.141876,-118.132377,1.0,9.0,2003.0,2.6658,7.1973,2,3.8767,7.1973,4,28000000.0,0.17249696931552072,0110,3,3.0,1,0
30.2702703,-97.742204,1.0,1.0,2010.0,2.0849,2.0849,1,1.4959,1.4959,1,2500000.0,0.015334159627590951,1000,5,2.0,1,1
41.889474,-87.628912,1.0,2.0,2004.0,2.0795,9.3507,4,0.3315,1.1644,2,8000000.0,0.04923202054067384,1100,16,4.0,1,1
40.73901,-73.997259,1.0,10.0,2007.0,0.6329,4.263,2,0.5836,1.6521,2,540000.0,0.0032541946476559573,0000,6,2.5,1,1
37.780716,-122.393913,1.0,1.0,2006.0,1.0,5.4384,4,0.0,1.2466,2,3100000.0,0.019032108090836358,1000,4,2.0,1,1
40.750519,-73.993494,4.0,4.0,2009.0,2.8301,4.6904,2,1.0904,2.326,2,1200000.0,0.007321937957225905,1000,8,6.0,1,1
40.752516,-73.973072,1.0,6.0,2007.0,0.1096,0.1096,1,0.0,0.0,1,5000000.0,0.030742278224446813,1000,2,2.0,0,0
37.785655,-122.398393,18.0,8.0,2004.0,2.3726,2.3726,1,0.6658,7.3753,6,37079000.0,0.22845309281186246,0011,6,3.8,1,1
42.528635,-71.278022,1.0,1.0,2002.0,8.7041,8.7068,2,4.3315,11.1699,4,135826373.0,0.8370575865366474,0101,3,4.3333,1,1
40.728425,-73.999882,1.0,1.0,2011.0,0.1616,2.6521,3,0.2082,1.0849,4,4200000.0,0.025811680273452937,1000,3,3.0,1,1
47.5989681,-122.3329036,1.0,1.0,2005.0,1.0027,7.5918,3,3.5808,3.5808,1,4100000.0,0.025195355529578703,0000,3,1.0,1,0
37.222698,-121.979887,1.0,1.0,2011.0,0.3123,1.1479,2,0.7726,0.7726,1,2000000.0,0.012252535908219779,0000,3,1.0,0,0
39.937989,-105.058729,1.0,1.0,2001.0,5.4986,5.4986,1,5.0027,5.0027,1,6500000.0,0.03998714938256032,0000,3,1.0,1,1
37.561111,-122.270487,1.0,6.0,2005.0,999.0,999.0,0,1.4521,1.4521,1,4000000.0,0.02457903078570447,1000,0,3.0,0,0
37.391642,-122.093935,1.0,1.0,2010.0,1.1616,1.1616,1,0.2466,1.0,5,185000.0,0.0010662418069024254,0000,3,2.0,1,0
45.520247,-122.674195,1.0,4.0,2009.0,3.2192,4.0027,2,2.6959,2.6959,1,1300000.0,0.007938262701100138,1000,5,1.0,0,1
40.74632,-73.982607,1.0,1.0,2003.0,999.0,999.0,0,3.7945,3.7945,1,45000000.0,0.27727217577414054,0100,21,1.0,0,1
42.360253,-71.058291,1.0,7.0,2008.0,0.3342,2.3589,3,2.3041,2.3041,1,2500000.0,0.015334159627590951,1000,4,2.0,1,1
30.280148,-97.749908,1.0,2.0,2005.0,1.9151,4.6603,2,0.5808,2.737,2,9200000.0,0.056627917467164654,1100,11,1.0,1,1
39.616435,-104.879925,1.0,1.0,2001.0,1.0,1.0,1,6.263,6.263,1,10000000.0,0.06155851541815853,0000,2,1.0,0,1
47.603832,-122.330062,1.0,1.0,2010.0,0.6658,0.6658,1,0.8329,0.8329,1,12000.0,0.0,0000,3,1.0,1,0
38.988766,-76.940952,1.0,1.0,2006.0,999.0,999.0,0,4.0301,4.0849,2,2257464.0,0.013839350246788137,0000,3,1.0,0,0
40.729839,-73.991781,1.0,5.0,2011.0,0.1671,2.4438,2,0.1671,0.5288,2,983000.0,0.005984513263018816,0000,4,6.0,1,1
34.054935,-118.244476,1.0,12.0,2007.0,2.5014,3.6411,2,1.4466,2.5068,2,41000000.0,0.25261918601917116,0110,15,1.5,1,1
32.969251,-96.823778,1.0,1.0,2003.0,999.0,999.0,0,3.6685,5.5589,3,9100000.0,0.05601159272329042,0110,0,1.0,0,0
38.55,-122.15,22.0,10.0,2004.0,2.0575,6.8767,3,2.4438,7.1973,3,25500100.0,0.15708946704340873,0100,6,2.5,1,0
37.779281,-122.419236,1.0,1.0,2010.0,1.5863,1.6658,2,0.2959,0.2959,1,400000.0,0.0023913400062320293,0000,3,1.0,1,1
40.730646,-73.986614,1.0,1.0,2002.0,999.0,999.0,0,4.737,8.3479,10,22165091.0,0.13653498136597608,0100,4,2.0,1,1
37.763652,-122.421778,1.0,6.0,2007.0,0.6712,3.3151,2,0.1671,0.1671,1,500000.0,0.0030076647501062637,1000,4,4.0,1,1
37.393679,-122.079017,1.0,2.0,2005.0,6.211,8.6082,4,0.663,5.8849,5,70000000.0,0.4313533617426991,1111,29,2.8,1,1
42.048203,-88.031569,1.0,3.0,2007.0,2.8411,2.8411,1,1.2603,3.1781,2,4700000.0,0.02889330399282411,1000,6,1.0,1,1
42.36,-71.08,1.0,1.0,2006.0,0.0,0.0,1,2.0055,2.0055,1,30000000.0,0.1848234641930054,0000,1,2.0,1,1
42.447318,-71.2245,1.0,1.0,2003.0,7.0055,7.0055,1,2.0658,9.3836,5,39000000.0,0.2402926911416865,0111,13,3.25,1,1
37.381341,-121.977065,1.0,1.0,2000.0,10.0082,10.0082,1,6.4356,9.0,3,32000000.0,0.1971499590704901,0001,10,3.0,1,1
42.375518,-71.272292,3.0,1.0,2000.0,999.0,999.0,0,0.1151,1.1507,3,42000000.0,0.2587824334579135,1110,7,2.6667,1,1
33.685697,-117.825982,1.0,1.0,2001.0,4.0027,9.3616,2,4.3726,9.3616,3,24510540.0,0.15099056390792687,1100,5,2.6667,1,1
37.441537,-122.158332,1.0,1.0,2000.0,999.0,999.0,0,5.6548,5.6548,1,2500000.0,0.015334159627590951,0000,0,2.0,1,0
28.0385347,-82.5068513,1.0,1.0,2002.0,8.5945,9.1096,2,3.6027,7.926,3,21460663.0,0.13219341729919767,0111,1,4.5,1,1
40.730646,-73.986614,1.0,1.0,2001.0,999.0,999.0,0,5.3507,5.3507,1,15000000.0,0.09237475261187025,0010,6,4.0,1,1
37.779281,-122.419236,1.0,1.0,2006.0,1.3288,5.1836,2,1.4137,4.2795,2,889999.0,0.00541132508796834,0000,5,3.5,1,0
37.573045,-122.2823,1.0,1.0,2001.0,3.0,3.0,1,4.2219,4.2219,1,16000000.0,0.0985380000506126,0100,6,3.0,1,1
37.762185,-122.467269,1.0,7.0,2005.0,2.5041,8.3973,4,2.4192,2.4192,1,7000000.0,0.043068773101931496,0100,5,2.0,1,1
40.73901,-73.997259,1.0,10.0,2007.0,1.9041,4.0027,3,1.9041,1.9041,1,1500000.0,0.009170912188848607,1000,13,1.0,0,1
47.617838,-122.356027,1.0,1.0,2000.0,10.4959,12.6137,4,6.0356,6.0356,1,8000000.0,0.04923202054067384,0000,19,1.0,1,1
34.018275,-118.495025,1.0,8.0,2007.0,4.2082,6.3479,4,0.2521,0.7425,2,4000000.0,0.02457903078570447,1100,22,3.0,1,1
37.7611016,-122.4160008,20.0,6.0,2009.0,999.0,999.0,0,0.0164,0.0164,1,25000.0,8.012221670365047e-05,0000,3,1.0,0,0
37.484347,-122.225803,1.0,1.0,2003.0,8.5781,10.0137,3,2.4301,9.0055,6,64630000.0,0.39825672299665277,0110,10,3.6667,1,1
37.52,-122.35,1.0,1.0,2005.0,3.4986,3.4986,1,1.0,3.6493,2,12100000.0,0.07450133503951746,1100,10,1.0,1,0
37.779281,-122.419236,1.0,1.0,2001.0,5.0027,5.0027,1,4.2192,5.611,2,20000000.0,0.12319098980558198,0011,9,4.5,1,1
30.409765,-97.75101,1.0,1.0,2003.0,9.0055,9.0055,1,2.0301,9.3808,4,49600000.0,0.3056231139923553,0110,10,2.6667,1,0
34.1549426,-118.6545471,1.0,1.0,2000.0,0.4164,0.4164,1,7.5123,9.9479,5,51450000.0,0.31702512175402864,0001,3,5.6667,1,1
40.750519,-73.993494,1.0,1.0,2010.0,1.0274,3.1644,3,2.0,2.0,1,200000.0,0.0011586905184835605,0000,8,2.0,1,0
39.099909,-84.504243,1.0,9.0,2011.0,0.0,0.0,1,0.0,0.0,1,20000.0,4.930597950993875e-05,0000,2,1.0,0,0
42.492256,-71.134549,1.0,1.0,2003.0,6.9781,9.2192,3,0.0,3.3945,2,11600000.0,0.07141971132014628,1010,13,2.0,1,1
37.391727,-122.077597,1.0,5.0,2006.0,0.2438,5.263,2,0.1205,0.1205,1,9150000.0,0.05631975509522753,1000,6,2.0,1,1
39.099909,-84.504243,1.0,7.0,2009.0,0.0,0.2849,2,0.2849,0.2849,1,1200000.0,0.007321937957225905,1000,2,4.0,1,0
34.054935,-118.244476,1.0,2.0,2010.0,1.1616,1.1616,1,1.8301,1.8301,1,1700000.0,0.010403561676597076,0000,4,7.0,1,0
37.56,-122.37,1.0,1.0,2007.0,0.5918,4.9699,4,0.5808,2.5123,3,1415000.0,0.008647036156555508,0000,9,1.0,1,1
37.7915,-122.40045,1.0,1.0,2005.0,5.9178,7.9342,2,1.0849,3.1342,2,4200000.0,0.025811680273452937,1100,16,1.5,1,1
42.354023,-71.058096,1.0,1.0,2007.0,4.8521,6.0904,2,0.9151,1.6356,2,500000.0,0.0030076647501062637,1000,7,2.0,0,1
32.997114,-96.676137,1.0,1.0,2002.0,999.0,999.0,0,5.9507,5.9507,1,21500000.0,0.1324358609636955,0010,1,4.0,1,1
40.3310529,-111.7276347,1.0,6.0,2006.0,2.2795,4.3918,2,0.0411,1.5863,2,10000000.0,0.06155851541815853,1000,4,2.0,0,1
34.054935,-118.244476,1.0,1.0,2004.0,4.0027,4.0027,1,1.0877,2.5616,2,9500000.0,0.05847689169878736,1100,7,2.5,1,0
35.084103,-106.650985,1.0,1.0,2007.0,999.0,999.0,0,2.9808,5.211,2,13875001.0,0.08544110540653256,0000,4,10.0,1,0
40.347054,-74.064306,1.0,1.0,2000.0,9.2548,9.2548,1,10.9068,10.9068,1,275000.0,0.0016209340763892364,0000,5,2.0,0,0
37.426316,-122.141082,1.0,1.0,2005.0,1.8329,1.8329,1,0.0849,5.0356,3,19743770.0,0.12161178091435303,0110,10,2.5,1,1
42.360253,-71.058291,1.0,7.0,2008.0,2.5041,2.5041,1,2.0849,4.0192,5,1178000.0,0.007186346513573573,0000,5,5.0,1,1
37.41,-122.13,1.0,1.0,2005.0,2.0575,3.8356,2,0.7479,2.7945,3,25000000.0,0.1540072269992937,1100,5,2.0,1,1
40.6015759,-75.3611135,1.0,1.0,2004.0,999.0,999.0,0,1.5863,3.1808,3,24150000.0,0.1487684666763627,1100,1,2.0,1,1
37.382162,-122.036301,1.0,1.0,2005.0,2.0,2.0,1,1.7479,3.5452,2,80000000.0,0.4929858361301226,1100,4,1.0,0,0
37.354469,-121.990433,1.0,1.0,2004.0,4.4192,9.8164,3,1.4164,3.326,2,36000000.0,0.22180294882545948,1100,11,3.5,1,1
38.703764,-90.443832,19.0,9.0,2006.0,999.0,999.0,0,1.3973,1.3973,1,205000.0,0.0011895067556772724,0000,1,1.0,0,0
37.387845,-122.055197,17.0,11.0,2002.0,6.4164,9.0658,4,0.0,4.211,4,28300000.0,0.17434594354714342,1111,27,2.5,1,1
37.627971,-122.426804,1.0,2.0,2005.0,2.4,8.8384,6,0.7479,1.1616,2,11500000.0,0.07080338657627205,1100,63,1.0,1,1
40.730646,-73.986614,1.0,1.0,2010.0,1.3288,2.526,2,0.8904,0.8904,1,4000000.0,0.02457903078570447,1000,15,3.0,1,0
40.74929,-73.981328,1.0,8.0,2009.0,0.7479,2.011,2,0.7151,0.7151,1,500000.0,0.0030076647501062637,0000,2,1.0,1,0
30.387275,-97.759511,1.0,6.0,2006.0,1.1671,3.9151,2,0.7425,0.7425,1,4000000.0,0.02457903078570447,1000,9,2.0,1,0
40.650104,-73.949582,1.0,1.0,2010.0,2.4274,2.4986,2,0.0,2.4274,2,9030000.0,0.05558016540257846,1000,8,4.0,1,0
39.952399,-75.16359,1.0,1.0,2005.0,999.0,999.0,0,0.0658,4.3863,4,69900000.0,0.4307370369988249,1011,15,4.75,1,1
34.050451,-118.437775,1.0,9.0,2011.0,0.4192,0.4192,1,0.6658,0.6658,1,20000.0,4.930597950993875e-05,0000,2,1.0,0,0
39.7672093,-86.1580785,1.0,12.0,2000.0,10.9836,12.6822,3,3.6384,11.9041,7,2382099.99,0.014607512692930756,0000,29,2.0,1,1
42.504817,-71.195611,1.0,1.0,2004.0,4.0027,6.7342,2,3.1014,6.7342,3,14700000.0,0.09052577838024756,0100,3,1.0,0,1
37.538352,-122.299665,1.0,6.0,2011.0,0.5863,0.5863,1,1.337,1.4219,2,1015000.0,0.006181737181058571,1000,5,1.0,0,1
37.4484914,-122.1802812,1.0,4.0,2009.0,0.8192,0.8192,1,0.4438,0.4438,1,1200000.0,0.007321937957225905,0000,2,2.0,1,0
40.364273,-74.951278,1.0,4.0,2005.0,3.274,7.6274,4,1.8301,3.3288,2,17100000.0,0.10531757223322917,1100,16,2.5,1,1
39.6478,-104.9875,1.0,1.0,2004.0,5.9671,5.9671,1,4.6767,4.6767,1,50000000.0,0.3080884129678523,0000,0,4.0,1,1
34.054935,-118.244476,1.0,1.0,2006.0,999.0,999.0,0,0.6548,0.6548,1,900000.0,0.005472963725603202,1000,3,1.0,1,0
37.563905,-122.324688,10.0,4.0,1990.0,16.663,18.3233,2,16.9863,16.9863,1,6000000.0,0.03690552566318915,1000,7,1.0,1,0
40.729839,-73.991781,1.0,1.0,2002.0,8.0055,9.874,3,0.7479,7.0904,2,15100000.0,0.0929910773557445,1000,5,1.0,0,1
38.232583,-122.636465,1.0,1.0,2001.0,4.0027,9.1863,2,1.0,8.8795,5,62600000.0,0.3857453306960058,1111,7,9.3333,1,1
37.486368,-122.230116,1.0,6.0,2006.0,3.9178,6.4301,3,1.8575,4.6027,4,14800000.0,0.09114210312412178,0110,15,2.25,1,1
34.172904,-118.374037,1.0,4.0,2008.0,1.8466,4.4877,5,0.0411,3.1425,2,6875000.0,0.0422983671720887,1000,30,7.0,1,1
31.5682893,-97.1973664,11.0,12.0,2007.0,999.0,999.0,0,0.8712,0.8712,1,30000.0,0.00011093845389736219,0000,1,1.0,0,0
37.386778,-121.966277,1.0,1.0,2000.0,6.0055,6.0055,1,6.263,6.263,1,22200000.0,0.13675013417081514,0000,10,9.0,1,0
40.0186731,-105.2762236,18.0,5.0,2007.0,0.4685,2.9507,2,0.2055,0.4329,2,415000.0,0.0024837887178131646,0000,6,1.0,1,1
40.743808,-73.983626,1.0,3.0,2007.0,3.0027,4.7014,4,0.0,3.8329,4,27063781.0,0.1667268199616688,1110,16,3.5,1,1
34.394343,-119.51231,1.0,1.0,2003.0,5.0027,5.0027,1,3.0877,3.0877,1,3100000.0,0.019032108090836358,1000,6,5.0,1,1
37.430025,-122.09998,1.0,1.0,2003.0,4.1644,10.7534,2,2.7753,5.0027,3,17400000.0,0.10716654646485188,0010,2,5.0,1,1
37.491356,-122.228843,1.0,1.0,2005.0,5.3973,8.7123,4,0.0,3.3863,5,28300000.0,0.17434594354714342,1111,17,2.0,1,1
37.41,-122.05,1.0,12.0,2006.0,1.411,6.537,6,0.0,2.1644,4,46800000.0,0.2883660211638768,1110,42,2.5,1,1
41.879535,-87.624333,1.0,1.0,2009.0,2.0,2.0301,2,1.3288,2.0301,3,1525000.0,0.009324993374817165,0000,5,2.6667,1,1
40.730646,-73.986614,15.0,11.0,2011.0,0.5452,1.7151,3,0.3397,0.3397,1,1200000.0,0.007321937957225905,0000,9,5.0,1,1
37.391642,-122.093935,1.0,5.0,2005.0,3.674,7.2438,4,0.1781,4.0301,3,12400000.0,0.07635030927114016,1100,6,1.6667,1,1
39.959721,-75.605964,1.0,1.0,2006.0,999.0,999.0,0,4.5863,4.5863,1,100000.0,0.0005423657746093263,0000,1,1.0,1,0
37.779281,-122.419236,1.0,1.0,2003.0,7.0055,7.0055,1,2.2219,7.3288,3,11000000.0,0.06772176285690087,0100,4,1.6667,1,1
36.16223,-86.774353,1.0,1.0,2010.0,1.0,1.0,1,1.3397,2.2795,2,675000.0,0.004086233051886174,0000,3,1.5,0,1
37.3725243,-122.035963,1.0,1.0,2005.0,999.0,999.0,0,0.0,2.3863,2,13000000.0,0.08004825773438556,1100,5,2.5,1,1
40.728425,-73.999882,1.0,2.0,2010.0,1.0329,2.4986,2,0.7479,0.7479,1,3500000.0,0.021497407066333296,0000,5,2.0,1,1
42.49173,-71.281795,1.0,1.0,2001.0,0.0,0.0,1,4.9342,4.9342,1,12000000.0,0.07388501029564322,0010,2,4.0,1,0
37.524422,-122.265869,1.0,1.0,2007.0,0.9068,5.4164,4,0.5808,4.8521,5,78573646.0,0.48419486349288265,1110,10,4.3333,1,1
36.13996,-86.796377,1.0,1.0,2007.0,3.7425,3.7425,1,0.4521,6.0822,3,15286415.0,0.09413999912703765,1000,2,1.0,0,1
37.79402,-122.4031242,1.0,1.0,2008.0,1.5836,3.0027,3,0.7123,0.7123,1,3200000.0,0.019648432834710593,1000,5,1.0,1,1
47.184901,-122.292141,1.0,3.0,2011.0,0.0,0.0,1,0.0164,0.0164,1,30000.0,0.00011093845389736219,0000,1,2.0,0,0
37.538352,-122.299665,1.0,1.0,2002.0,9.5863,9.5863,1,0.0,10.8192,3,14650003.0,0.09021763449805274,0001,28,1.0,0,1
37.7710177,-122.4025976,1.0,1.0,2003.0,9.0055,9.0055,1,3.1589,5.6712,2,23500000.0,0.14476235584118016,0100,9,5.0,1,1
42.493447,-71.514104,1.0,1.0,2001.0,999.0,999.0,0,5.0082,5.0082,1,980000.0,0.0059660235207025895,0000,2,1.0,0,0
37.390956,-122.032795,1.0,1.0,2004.0,999.0,999.0,0,3.1562,3.1562,1,20000000.0,0.12319098980558198,0100,0,3.0,1,0
47.603327,-122.334983,1.0,12.0,2004.0,999.0,999.0,0,0.0,0.0,1,1500000.0,0.009170912188848607,0000,4,3.0,0,0
34.031328,-118.471463,1.0,1.0,2004.0,6.3836,6.3836,1,4.1753,5.537,2,8000000.0,0.04923202054067384,1000,0,1.5,1,1
37.57,-122.32,1.0,10.0,2005.0,3.2548,4.6932,3,0.326,4.6932,4,25200000.0,0.15523987648704216,1111,13,4.0,1,1
37.552262,-122.292146,1.0,6.0,2003.0,7.9205,9.211,2,2.7507,4.589,4,61000000.0,0.37588413479401805,1110,21,3.0,1,1
37.396312,-121.961396,1.0,5.0,2006.0,2.0822,5.8356,4,1.337,4.3041,4,46300000.0,0.28528439744450557,1110,12,4.25,1,1
38.963492,-77.091025,1.0,1.0,2002.0,5.811,11.0986,5,4.0274,8.2712,4,24500000.0,0.15092560327992252,0111,15,4.3333,1,1
37.496904,-122.333057,1.0,1.0,2006.0,1.3342,1.3342,1,0.9863,1.6575,2,7500000.0,0.04615039682130267,1000,1,1.0,0,0
37.37,-122.18,1.0,1.0,2003.0,3.8356,7.8959,3,3.2493,3.2493,1,14500000.0,0.08929312889249909,0010,19,9.0,1,1
47.5827803,-122.1548103,1.0,1.0,2007.0,1.0,1.0,1,2.6493,2.6493,1,29000000.0,0.17866021675426308,0000,1,5.0,1,0
37.390233,-122.033741,1.0,1.0,2005.0,5.6795,5.6795,1,0.0,3.3808,3,24000000.0,0.14784397956055134,1110,5,2.6667,1,1
34.1411985,-118.7040908,1.0,1.0,2000.0,8.0055,8.0055,1,5.3562,10.2082,4,81017493.0,0.49925689725631084,0011,2,5.6667,1,1
37.79,-122.39,1.0,10.0,2007.0,2.1699,5.0822,3,1.8493,2.1726,2,1000000.0,0.006089288469477436,0000,4,4.5,1,1
39.977763,-105.13193,1.0,1.0,2010.0,2.6466,2.6959,2,1.1014,1.8712,2,12010000.0,0.07394664277003064,1000,14,2.5,1,1
42.479262,-71.152277,1.0,1.0,2002.0,1.0,8.674,3,3.7562,3.7562,1,22000000.0,0.13551748468306665,0010,2,4.0,1,1
37.459177,-122.173907,1.0,1.0,1999.0,999.0,999.0,0,8.4493,8.4493,1,42700000.0,0.26309670666503315,0100,1,3.0,1,0
37.4587657,-122.1725191,1.0,1.0,2000.0,4.0027,4.0027,1,5.9753,7.3918,3,80000000.0,0.4929858361301226,0001,5,4.0,1,1
37.288326,-121.945633,25.0,1.0,2010.0,0.0658,2.9616,3,1.1589,1.1589,1,205000.0,0.0011895067556772724,0000,3,7.0,1,1
40.730646,-73.986614,1.0,10.0,2008.0,0.0,3.0849,2,1.7644,1.7644,1,3750000.0,0.023038218926018882,1000,5,1.0,1,1
37.441537,-122.158332,1.0,8.0,2010.0,1.5836,3.0685,2,0.0,0.6411,2,41000000.0,0.25261918601917116,1100,11,1.5,1,0
37.393536,-122.076747,1.0,2.0,2008.0,2.3123,4.6301,3,1.7781,2.3863,2,76000000.0,0.4683328463751532,1000,37,4.0,1,1
42.493447,-71.514104,1.0,1.0,2006.0,3.3315,5.2438,2,0.0,2.7507,2,20000000.0,0.12319098980558198,1100,9,1.0,1,1
37.779281,-122.419236,30.0,4.0,2009.0,1.3945,4.2356,4,1.2877,3.8521,2,9356180.0,0.05759049345214743,1100,11,1.5,1,1
33.7812614,-84.3675617,1.0,1.0,2007.0,4.5836,4.726,2,2.0767,4.6603,2,13600000.0,0.08374620619763097,0110,9,3.0,1,1
37.7766184,-122.3938931,1.0,10.0,2006.0,1.926,4.0137,4,1.1671,1.1671,1,3000000.0,0.018415783346962124,1000,19,2.0,1,1
37.791564,-122.399981,1.0,1.0,2005.0,999.0,999.0,0,1.874,6.4767,5,21138876.0,0.1302101643956271,1100,4,2.0,1,0
42.364014,-71.101375,31.0,3.0,2009.0,1.211,2.3836,3,0.1945,0.7836,4,2345000.0,0.014378856274585888,1000,13,5.75,1,1
37.566123,-122.323045,15.0,1.0,2005.0,2.0466,3.326,4,0.7945,0.7945,1,4000000.0,0.02457903078570447,1000,7,1.0,0,0
37.406914,-122.09037,1.0,1.0,2003.0,1.7507,3.589,2,3.811,5.1781,2,17000000.0,0.10470124748935494,0010,2,3.0,1,0
40.750519,-73.993494,1.0,1.0,2009.0,1.9151,1.9151,1,1.8,1.8,1,1100000.0,0.0067056132133516706,0000,8,8.0,1,1
38.87804,-77.436151,1.0,1.0,2006.0,1.0,1.0,1,1.8822,1.8822,1,10000000.0,0.06155851541815853,1000,2,2.0,1,0
37.424298,-122.139809,1.0,1.0,2011.0,0.0,0.0,1,0.6767,1.4493,2,21189.0,5.6634080714603404e-05,0000,2,1.0,1,0
42.3988661,-71.253781,1.0,1.0,2004.0,7.6712,8.2219,2,2.4521,5.1562,3,28000000.0,0.17249696931552072,1110,7,2.6667,1,1
37.386778,-121.966277,1.0,1.0,2002.0,999.0,999.0,0,3.3315,3.3315,1,9500000.0,0.05847689169878736,0000,0,2.0,0,0
37.352313,-121.967982,1.0,10.0,2003.0,2.2548,2.2548,1,1.7479,5.5616,3,69600000.0,0.4288880627672022,0101,5,7.6667,1,1
38.919954,-77.212493,1.0,3.0,2003.0,2.8411,7.2356,2,2.6822,6.4164,3,23500000.0,0.14476235584118016,0110,11,3.6667,1,1
45.413842,-122.725662,1.0,1.0,2002.0,6.7534,6.7534,1,4.4712,4.4712,1,13000000.0,0.08004825773438556,0001,6,4.0,1,1
40.73901,-73.997259,1.0,1.0,2005.0,3.0,3.4959,2,1.5616,3.1562,2,21750000.0,0.13397667282338108,0100,8,2.0,1,1
40.602206,-75.471279,1.0,1.0,2000.0,999.0,999.0,0,5.1644,5.1644,1,5750000.0,0.03536471380350357,0010,0,4.0,1,0
42.645342,-71.234547,1.0,1.0,2005.0,0.1616,0.1616,1,0.7342,1.1753,2,23400000.0,0.14414603109730595,1100,1,2.5,1,1
37.486571,-122.229161,1.0,3.0,2007.0,0.8384,3.9918,3,1.0685,1.0685,1,4300000.0,0.026428005017327172,1000,4,2.0,1,0
30.384453,-97.709809,28.0,8.0,2005.0,0.6548,0.6548,1,2.2082,4.6521,2,20000000.0,0.12319098980558198,0010,1,2.0,1,1
37.3777985,-121.9744545,1.0,1.0,2004.0,5.0055,5.0055,1,4.2356,9.3616,2,51000000.0,0.3142516604065946,0010,16,3.5,1,1
42.241765,-71.166164,1.0,1.0,2000.0,3.0027,3.0027,1,3.6877,10.137,4,27101994.0,0.16696233613604547,0100,2,4.6667,1,1
37.320309,-122.05004,1.0,1.0,2001.0,4.0027,4.0027,1,5.1507,5.1507,1,6480000.0,0.039863884433785475,0001,6,3.0,1,1
37.477037,-122.15164,1.0,5.0,2007.0,2.2329,4.337,2,0.4192,2.2329,2,35000000.0,0.21563970138671712,1100,8,2.5,1,1
33.956215,-83.987962,1.0,1.0,2012.0,0.2986,0.2986,1,0.2986,0.2986,1,19000.0,4.3142732071196416e-05,0000,1,1.0,0,0
40.728158,-74.077642,1.0,1.0,2005.0,5.8356,8.3534,3,1.6658,5.3014,6,78500000.0,0.4837409649720091,1111,27,3.4,1,1
40.730646,-73.986614,15.0,11.0,2011.0,999.0,999.0,0,0.1534,0.1534,1,600000.0,0.003623989493980498,0000,4,2.0,0,0
38.97864,-76.492786,1.0,1.0,2000.0,6.7534,6.7534,1,5.4932,6.5836,2,13000000.0,0.08004825773438556,1100,3,1.5,1,1
37.386665,-122.084171,1.0,7.0,2005.0,2.9205,4.3096,3,0.0,2.8356,5,43600000.0,0.26864362935990127,1111,7,3.0,1,0
37.776246,-122.4179223,10.0,9.0,2008.0,3.3397,5.1918,3,0.3589,3.4712,5,142000000.0,0.8751071773321479,1111,38,5.2,1,1
37.406914,-122.09037,11.0,4.0,2008.0,2.726,3.5425,2,2.1836,3.3068,2,2000000.0,0.012252535908219779,1000,6,1.5,1,1
30.354768,-97.798152,1.0,1.0,2001.0,6.0027,6.0027,1,2.0,4.0466,3,26800000.0,0.1651010723890299,1110,4,3.0,1,1
37.261986,-121.784279,1.0,1.0,2006.0,0.0,0.0,1,1.2904,6.389,6,55900000.0,0.3444515728564321,1110,2,3.2,1,0
37.386665,-122.084171,23.0,2.0,2005.0,3.4301,7.411,3,1.6027,2.8137,2,11000000.0,0.06772176285690087,1100,14,2.0,1,1
37.386778,-121.966277,1.0,1.0,2009.0,3.0,3.0,1,0.4137,2.474,3,31500000.0,0.19406833535111892,1110,19,3.3333,1,1
38.894955,-77.036646,12.0,6.0,2009.0,0.0301,4.4274,2,3.3863,3.3863,1,1500000.0,0.009170912188848607,0000,4,2.0,0,1
40.729839,-73.991781,17.0,5.0,2011.0,0.0219,1.2274,3,0.0082,1.1479,3,900000.0,0.005472963725603202,0000,5,1.5,1,0
37.2615879,-121.9578487,1.0,1.0,2003.0,6.4192,6.4192,1,1.4603,6.3918,3,58000000.0,0.35739439247779103,1110,4,5.0,1,1
42.485102,-71.211568,1.0,1.0,2007.0,1.0,4.5123,2,0.4959,4.9671,4,29050000.0,0.17896837912620017,0100,10,2.6667,1,1
36.170538,-115.101942,1.0,1.0,2011.0,2.1644,2.9014,2,0.7589,2.4521,2,250000.0,0.0014668528904206778,0000,3,1.5,1,1
37.386778,-121.966277,1.0,1.0,2003.0,999.0,999.0,0,3.6493,3.6493,1,21000000.0,0.12935423724432432,0010,2,4.0,1,0
40.75,-73.98,1.0,1.0,2000.0,999.0,999.0,0,4.1671,7.4356,2,35000000.0,0.21563970138671712,1000,25,3.5,1,1
37.779281,-122.419236,16.0,8.0,2010.0,0.0356,0.0356,1,0.0,0.0,1,500000.0,0.0030076647501062637,0000,2,1.0,0,0
32.997114,-96.676137,1.0,1.0,2000.0,4.0027,4.0027,1,5.611,6.474,2,30920000.0,0.19049365183664838,0000,3,3.5,1,1
37.409147,-122.015463,1.0,1.0,2002.0,6.5863,6.5863,1,2.0,8.0356,4,29288979.0,0.1804412658358634,1110,9,2.6667,1,1
42.6555302,-71.1455618,1.0,1.0,1999.0,11.8411,12.0548,2,8.0986,12.3671,4,24200000.0,0.14907662904829982,1010,11,2.3333,1,0
37.351894,-122.085807,1.0,10.0,2006.0,1.2521,5.2548,3,1.0,1.0,1,1000000.0,0.006089288469477436,1000,4,1.0,0,1
44.912723,-93.499059,1.0,1.0,2003.0,5.4192,5.4192,1,1.0,3.0575,2,5550000.0,0.0341320643157551,1000,3,1.0,1,1
37.391642,-122.093935,1.0,10.0,2005.0,4.9781,6.6548,3,0.6767,1.9178,2,14300000.0,0.08806047940475062,1100,13,4.5,1,1
32.901049,-117.192656,1.0,1.0,2002.0,999.0,999.0,0,4.2192,4.2192,1,1000000.0,0.006089288469477436,0000,0,2.0,0,0
37.417002,-122.07871,1.0,1.0,2003.0,8.1452,8.1452,1,2.5644,3.389,2,11000000.0,0.06772176285690087,0100,7,1.5,1,1
40.730646,-73.986614,1.0,1.0,2007.0,2.0877,4.0685,3,2.0027,3.0027,2,2000000.0,0.012252535908219779,0000,7,3.0,0,0
37.77,-122.41,1.0,2.0,2007.0,4.2466,4.7918,2,0.8301,2.7178,2,5000000.0,0.030742278224446813,0000,17,1.0,1,1
37.320309,-122.05004,1.0,1.0,2008.0,3.6603,4.0795,2,2.0027,2.0027,1,11000000.0,0.06772176285690087,0100,12,3.0,1,1
37.445667,-122.166911,1.0,7.0,2008.0,3.6027,4.8521,4,0.4192,3.4192,4,14100000.0,0.08682782991700215,1100,19,2.25,1,1
34.062504,-118.354605,5.0,8.0,2005.0,2.2411,2.2411,1,0.4932,0.4932,1,5000000.0,0.030742278224446813,1000,8,1.0,0,0
45.630695,-122.674456,1.0,1.0,2009.0,0.1671,0.1671,1,0.0,1.5808,2,400000.0,0.0023913400062320293,0000,1,1.0,0,0
37.658313,-122.391032,1.0,1.0,2000.0,4.0027,4.0027,1,7.3945,7.3945,1,10000000.0,0.06155851541815853,0010,4,1.0,0,1
42.405685,-71.255857,1.0,1.0,2005.0,2.0,2.0,1,0.8329,4.0712,3,11035000.0,0.06793747651725686,0110,3,1.6667,1,0
42.4717204,-71.2621435,1.0,1.0,2000.0,8.0055,11.3288,2,5.6438,5.6438,1,12700000.0,0.07819928350276287,0001,9,4.0,1,1
37.65,-121.85,1.0,1.0,2008.0,0.0,0.0,1,2.9507,3.5562,2,20757182.0,0.1278576898277438,0100,3,1.0,1,1
37.404044,-121.978956,1.0,6.0,2000.0,10.5918,10.5918,1,5.4658,7.2822,3,27000000.0,0.1663337218767784,0001,5,6.0,1,1
40.7445343,-73.9874008,1.0,4.0,2004.0,5.5425,6.7562,3,3.7534,3.7534,1,10000000.0,0.06155851541815853,1000,7,1.0,0,1
33.923916,-118.39665,1.0,1.0,2001.0,999.0,999.0,0,4.2219,4.2219,1,26000000.0,0.16017047443803603,0001,4,4.0,1,0
41.71,-72.83,1.0,1.0,2005.0,999.0,999.0,0,2.1616,4.9562,2,4000000.0,0.02457903078570447,1000,2,2.0,1,0
37.377787,-122.029217,1.0,1.0,2004.0,3.0,3.0,1,2.0849,3.9425,2,20220000.0,0.1245469042421053,1100,3,3.0,1,1
40.717248,-74.002662,1.0,3.0,2001.0,6.1699,9.0904,3,4.3534,4.3534,1,10000000.0,0.06155851541815853,0100,7,4.0,1,1
40.7434025,-73.9890857,7.0,4.0,2005.0,1.3178,4.1589,3,1.5123,3.6082,2,7350000.0,0.04522590970549132,1100,8,4.5,1,0
37.288136,-121.79765,1.0,7.0,2009.0,0.0,0.0,1,0.7671,0.7671,1,50000.0,0.00023420340267220905,0000,1,1.0,0,0
40.7394115,-73.9895748,1.0,1.0,2009.0,1.6603,3.0247,3,1.8822,1.8822,1,1000000.0,0.006089288469477436,1000,5,7.0,1,0
37.39972,-122.108306,1.0,1.0,2003.0,7.5014,8.0055,2,2.7945,6.0356,4,45000000.0,0.27727217577414054,1110,16,2.0,1,0
32.877656,-117.210595,1.0,7.0,2007.0,0.2164,6.2466,5,0.2164,4.8438,5,70000000.0,0.4313533617426991,1110,22,4.2,1,0
47.6447802,-122.325878,1.0,1.0,2008.0,1.0027,1.3096,2,1.3096,1.3096,1,500000.0,0.0030076647501062637,1000,3,1.0,1,0
37.779281,-122.419236,1.0,8.0,2008.0,999.0,999.0,0,0.0849,1.3342,2,500000.0,0.0030076647501062637,0000,6,1.0,1,0
30.306591,-97.826727,1.0,1.0,2004.0,3.4986,3.4986,1,1.0877,3.6438,3,44000000.0,0.2711089283353982,1110,2,4.0,1,1
39.5604863,-104.8656251,1.0,1.0,1999.0,5.8384,5.8384,1,10.3644,10.3644,1,21000000.0,0.12935423724432432,0000,4,5.0,1,0
34.083228,-118.341449,1.0,1.0,2009.0,1.4493,2.2055,2,0.7041,1.1315,2,19000000.0,0.11702774236683963,1100,12,3.5,1,1
37.45,-122.17,1.0,1.0,2006.0,999.0,999.0,0,1.4247,4.5397,3,18700000.0,0.11517876813521692,1000,0,2.0,1,0
37.626166,-122.411025,1.0,9.0,2009.0,1.6137,2.1671,2,1.0932,1.0932,1,10000000.0,0.06155851541815853,1000,6,7.0,1,1
42.34,-71.54,1.0,1.0,2004.0,6.0055,6.4219,2,3.4301,4.2548,2,28000000.0,0.17249696931552072,0110,13,2.0,1,1
42.7370219,-71.4872976,1.0,1.0,2007.0,3.1534,4.3945,2,0.0,4.3945,7,24300000.0,0.14969295379217404,1100,5,2.0,1,0
37.384717,-122.081625,1.0,1.0,2005.0,5.5205,7.189,3,0.4137,5.337,4,32006000.0,0.19718693855512257,1110,21,1.6667,1,1
37.3169065,-122.0497023,1.0,1.0,2002.0,1.0,1.0,1,3.0877,3.0877,1,13400000.0,0.0825135567098825,0100,4,2.0,1,1
37.7819267,-122.3932389,1.0,6.0,2005.0,4.9644,7.2575,3,3.8493,4.8329,3,9400000.0,0.05786056695491312,1100,18,1.5,1,1
40.0186313,-105.2764361,1.0,1.0,2005.0,3.0,7.4301,3,1.0849,7.937,6,15324624.0,0.09437549064842454,1100,10,2.5,1,1
37.775196,-122.419204,1.0,6.0,2007.0,0.8932,5.2767,4,0.4192,3.674,3,16000000.0,0.0985380000506126,1110,24,5.6667,1,1
44.950404,-93.101503,1.0,1.0,2006.0,999.0,999.0,0,3.9205,6.7342,3,44000000.0,0.2711089283353982,0110,3,2.3333,1,0
39.952399,-75.16359,1.0,1.0,2010.0,0.7479,0.7479,1,1.811,2.4548,2,1175000.0,0.007167856771257346,0000,2,1.0,0,0
37.661002,-121.897829,1.0,1.0,2000.0,13.011,13.011,1,6.8329,10.2712,2,9000000.0,0.055395267979416185,0000,22,4.0,1,1
32.99,-117.07,1.0,1.0,2002.0,9.0055,9.0055,1,0.3288,5.3726,3,35150000.0,0.21656418850252848,1110,9,3.0,1,1
42.504817,-71.195611,1.0,1.0,2005.0,2.4959,5.6712,2,1.3288,5.6712,3,12000000.0,0.07388501029564322,1100,4,2.6667,1,1
37.396023,-122.03311,1.0,1.0,2002.0,5.0027,5.0027,1,5.663,5.663,1,30000000.0,0.1848234641930054,0010,4,9.0,1,1
37.537542,-122.327609,1.0,1.0,2003.0,7.1726,7.1726,1,6.1342,6.1342,1,8000000.0,0.04923202054067384,0100,5,2.0,1,1
37.782978,-122.394517,1.0,1.0,2007.0,2.2822,3.1699,3,2.0959,2.0959,1,4100000.0,0.025195355529578703,1000,6,2.0,1,1
40.116421,-88.243383,1.0,1.0,2008.0,3.4986,3.4986,1,1.9562,3.5123,2,2408500.0,0.014770222486946026,0000,1,3.0,1,0
37.386778,-121.966277,1.0,1.0,2002.0,6.0027,6.0027,1,2.1644,5.8493,4,72000000.0,0.44367985662018383,1110,3,2.25,1,0
44.96659,-93.331943,1.0,1.0,2006.0,3.2493,3.2493,1,1.0,2.0,2,18400000.0,0.11332979390359423,0000,2,1.0,0,0
35.7259177,-79.1791771,1.0,1.0,1997.0,4.0027,4.0027,1,8.0219,14.9726,7,162264126.0,1.0,0111,4,6.75,1,0
42.3751,-71.105616,1.0,1.0,2003.0,5.5863,5.5863,1,7.4575,7.4575,1,29000000.0,0.17866021675426308,0000,7,7.0,1,1
47.603832,-122.330062,1.0,1.0,2000.0,999.0,999.0,0,5.4247,5.4247,1,8700000.0,0.05354629374779348,1000,0,2.0,1,0
42.36236,-71.099692,1.0,1.0,2001.0,4.1644,9.274,2,4.6877,4.6877,1,10000000.0,0.06155851541815853,0010,12,7.0,1,1
42.4871509,-71.1986329,1.0,1.0,2008.0,2.9534,3.9699,2,0.9178,2.6329,2,15000000.0,0.09237475261187025,1100,5,2.0,1,1
37.45,-122.17,1.0,1.0,2008.0,0.0,0.0,1,0.6685,0.6685,1,2600000.0,0.015950484371465186,0000,2,1.0,0,0
37.782103,-122.401116,6.0,1.0,2005.0,6.4658,8.8411,3,1.3151,1.3151,1,15000000.0,0.09237475261187025,1000,30,1.0,1,1
40.745064,-73.992637,1.0,6.0,2011.0,1.0849,2.3014,2,0.0822,1.8164,3,4000000.0,0.02457903078570447,1000,7,2.0,1,1
37.680766,-122.399971,1.0,1.0,2006.0,5.0027,5.0027,1,0.9151,5.5452,2,73000000.0,0.4498431040589262,0100,9,3.0,1,1
40.730646,-73.986614,1.0,3.0,2011.0,0.8411,2.0411,3,0.3233,1.0986,4,12123837.0,0.07464824836871475,1000,5,4.6667,1,1
47.607065,-122.335373,1.0,12.0,2005.0,2.5808,5.3808,3,0.9178,2.4877,3,22400000.0,0.1379827836585636,1100,18,3.3333,1,1
37.779281,-122.419236,1.0,1.0,2009.0,2.1616,3.4438,3,1.2849,2.0082,2,5700000.0,0.03505655143156645,1100,12,4.0,1,1
37.45,-122.17,1.0,1.0,2002.0,999.0,999.0,0,4.5452,7.8603,2,28500000.0,0.1755785930348919,0100,2,4.5,1,0
42.579258,-71.437841,1.0,1.0,2007.0,2.0027,2.0027,1,0.9151,2.0712,2,21000000.0,0.12935423724432432,1100,9,2.5,1,1
35.780398,-78.639099,1.0,1.0,1984.0,24.6849,24.6849,1,21.8959,21.8959,1,8000000.0,0.04923202054067384,0000,1,2.0,0,0
37.41924,-122.208414,1.0,1.0,2008.0,0.1644,0.1644,1,0.2055,0.2055,1,1500000.0,0.009170912188848607,1000,1,1.0,1,0
42.3729,-71.248472,1.0,10.0,2006.0,2.5014,5.0932,4,0.5808,2.4603,3,28300000.0,0.17434594354714342,1110,17,1.6667,1,1
37.441537,-122.158332,1.0,1.0,2008.0,2.3671,2.7123,2,2.1452,4.9726,5,7939553.0,0.04885947072274418,0100,4,2.0,1,1
37.779281,-122.419236,1.0,1.0,2009.0,999.0,999.0,0,0.8329,0.8329,1,545000.0,0.0032850108848496693,0000,3,2.0,1,0
42.558426,-71.268947,1.0,1.0,2001.0,5.0027,5.0027,1,4.7452,8.9562,3,15247925.0,0.09390277573312045,0011,10,1.5,1,1
40.757929,-73.985506,1.0,1.0,2007.0,2.0027,4.7781,2,0.2466,2.5589,3,12800000.0,0.0788156082466371,1100,11,1.5,1,1
41.875555,-87.624421,1.0,3.0,2010.0,0.0,1.3068,2,1.063,2.4822,2,950000.0,0.005781126097540319,1000,1,3.0,1,0
42.479262,-71.152277,1.0,1.0,2000.0,2.0027,12.5096,5,2.9178,4.9205,2,16000000.0,0.0985380000506126,1100,6,1.0,1,1
37.288326,-121.945633,1.0,1.0,2000.0,6.0055,6.0055,1,6.0055,6.0055,1,10000000.0,0.06155851541815853,0010,2,1.0,1,1
40.730646,-73.986614,1.0,1.0,2011.0,0.3397,2.4877,3,0.7781,0.7781,1,1500000.0,0.009170912188848607,0000,5,1.0,0,1
37.779281,-122.419236,1.0,1.0,2004.0,5.9205,6.3808,2,5.8438,6.9452,2,13000000.0,0.08004825773438556,0010,6,2.0,1,0
40.650104,-73.949582,1.0,1.0,2009.0,4.0959,4.926,2,2.6411,2.6411,1,10000000.0,0.06155851541815853,0000,6,6.0,1,1
40.73,-73.99,1.0,1.0,2008.0,2.0027,3.8137,2,2.0521,2.9973,2,3915000.0,0.02405515475341137,1000,9,3.0,1,1
40.650104,-73.949582,1.0,8.0,2009.0,1.5808,3.1726,2,0.0,1.5041,2,1400000.0,0.008554587444974372,1000,7,6.0,1,1
41.8969173,-87.6435474,1.0,8.0,2012.0,0.0,0.6904,2,0.0,0.6904,2,650000.0,0.0039321518659176154,0000,6,1.0,1,0
30.268735,-97.745209,1.0,1.0,2007.0,0.4137,6.8,4,0.4137,3.2438,3,9700000.0,0.059709541186535826,1000,5,1.0,1,0
37.336191,-121.890583,1.0,1.0,2003.0,2.0027,2.0027,1,3.1644,3.1644,1,15000000.0,0.09237475261187025,0001,6,3.0,1,1
37.782714,-122.39358,1.0,1.0,2002.0,10.0301,11.0329,3,3.7753,10.2548,4,38764000.0,0.2388381647461433,1100,18,2.0,1,1
37.3987372,-122.0497918,1.0,11.0,2005.0,1.1671,4.989,2,0.3288,6.4192,8,2114030.0,0.012955331013659569,1110,6,2.7143,1,0
37.3965713,-122.0836937,1.0,1.0,2008.0,3.4164,5.2,3,2.4767,2.6438,2,20750000.0,0.12781342538463872,1100,8,2.0,1,1
37.779281,-122.419236,1.0,6.0,2009.0,2.2521,3.2219,2,1.2493,1.8849,2,1020000.0,0.006212553418252283,1000,4,2.5,1,1
30.271129,-97.743699,1.0,1.0,2007.0,2.0027,2.0027,1,0.4301,0.4301,1,13000000.0,0.08004825773438556,1000,6,4.0,1,0
40.738567,-73.987199,1.0,11.0,2007.0,0.0,2.9178,2,0.1671,3.9178,2,14700000.0,0.09052577838024756,1000,8,4.0,1,1
37.4233896,-122.0899512,1.0,1.0,2005.0,3.0,8.9205,4,1.1616,4.1644,4,33000000.0,0.20331320650923243,1111,19,1.3333,1,1
37.404788,-121.940842,1.0,1.0,2005.0,999.0,999.0,0,5.4767,5.4767,1,30000000.0,0.1848234641930054,0010,5,6.0,1,1
32.959908,-96.70737,6.0,8.0,2006.0,2.4192,3.8795,3,0.2384,3.7644,4,33000000.0,0.20331320650923243,1110,10,4.0,1,0
38.894955,-77.036646,15.0,12.0,2011.0,999.0,999.0,0,0.0,0.0,1,150000.0,0.0008505281465464435,0000,1,1.0,0,0
42.37564,-71.2358,1.0,3.0,2010.0,0.5863,0.5863,1,0.1671,0.1671,1,20000.0,4.930597950993875e-05,0000,3,1.0,0,0
37.54827,-121.988572,1.0,1.0,2008.0,999.0,999.0,0,3.7589,5.0685,3,30926154.0,0.19053158046138638,0100,2,3.0,1,0
37.288326,-121.945633,16.0,8.0,2010.0,999.0,999.0,0,0.8164,0.8164,1,2000000.0,0.012252535908219779,0000,0,1.0,0,0
42.504817,-71.195611,1.0,1.0,2003.0,2.0027,2.0027,1,4.5397,9.337,2,19000000.0,0.11702774236683963,0100,2,3.5,1,0
37.779281,-122.419236,1.0,1.0,2002.0,4.0027,4.0027,1,3.0356,6.7534,3,33000000.0,0.20331320650923243,1110,2,4.0,1,0
33.982967,-84.346041,1.0,1.0,2002.0,4.0027,4.0027,1,4.3562,6.3151,3,15650000.0,0.09638086344705278,0000,1,1.3333,1,1
33.7,-117.82,1.0,12.0,2000.0,7.1726,10.9315,3,6.3342,7.5342,3,17400000.0,0.10716654646485188,1100,8,2.3333,1,1
34.102827,-118.32999,1.0,10.0,2010.0,0.1671,1.189,2,0.8329,0.8329,1,154000.0,0.0008751811363014129,0000,5,1.0,0,0
33.95,-118.36,1.0,1.0,2004.0,6.6027,6.7233,2,4.8082,4.8082,1,35000000.0,0.21563970138671712,0001,4,3.0,1,0
38.916336,-77.230488,1.0,1.0,2008.0,1.2521,2.1452,3,0.5836,4.4301,4,7516703.0,0.04625334154327198,0000,5,1.0,0,0
30.409765,-97.75101,1.0,1.0,2008.0,2.874,4.3014,3,2.6247,2.6247,1,48000000.0,0.29576191809036756,0000,1,5.0,1,0
37.2690782,-121.9559995,1.0,1.0,2000.0,8.0055,8.0055,1,5.4219,8.3014,3,65800000.0,0.4054677224999813,0001,6,4.6667,1,1
40.477604,-74.626824,1.0,8.0,2012.0,0.0,0.0,1,0.6767,0.789,2,125000.0,0.0006964469605778849,0000,2,1.0,0,0
39.050108,-77.40082,1.0,11.0,2006.0,0.5041,3.8301,3,0.5808,0.5808,1,750000.0,0.00454847660979185,0000,5,2.0,1,1
33.749099,-84.390185,1.0,1.0,2009.0,2.3288,2.4384,2,2.4384,2.4384,1,17000000.0,0.10470124748935494,0000,10,5.0,1,1
37.548415,-122.315636,1.0,5.0,1999.0,8.9808,12.7233,3,10.4247,13.0877,3,4087500.0,0.025118314936594423,0000,4,1.0,0,0
34.491118,-119.808096,1.0,1.0,1995.0,15.4986,15.4986,1,10.8795,10.8795,1,1000000.0,0.006089288469477436,1000,3,2.0,1,0
37.7776778,-122.3921102,29.0,8.0,2007.0,999.0,999.0,0,0.0,0.0,1,990000.0,0.006027655995090013,1000,2,2.0,0,0
33.426418,-111.9396,1.0,4.0,2007.0,3.1699,4.6247,2,0.7534,0.7534,1,1000000.0,0.006089288469477436,1000,13,3.0,1,1
42.364367,-71.078978,1.0,1.0,2006.0,2.7479,6.0027,2,0.6658,5.1315,4,41000000.0,0.25261918601917116,1110,15,1.75,1,1
45.3774456,-122.7569561,1.0,1.0,2008.0,999.0,999.0,0,0.3699,0.3699,1,7000000.0,0.043068773101931496,1000,3,1.0,1,0
42.3624253,-71.116031,1.0,1.0,2008.0,1.0027,1.0027,1,0.8301,2.0767,2,55000000.0,0.33890465016156396,1100,4,2.0,1,1
41.88,-87.64,1.0,10.0,2007.0,4.6822,4.8384,2,3.7452,4.9671,2,69000000.0,0.4251901143039568,1100,10,3.5,1,1
37.421692,-121.894156,1.0,1.0,2006.0,4.874,7.0055,3,1.3288,7.0795,8,129677153.0,0.7991584221213842,1111,25,3.0,1,1
37.502169,-122.217727,1.0,1.0,2006.0,999.0,999.0,0,2.5041,7.2521,6,2320001.0,0.014224781251864767,1011,4,3.6667,1,1
37.388869,-122.072353,1.0,8.0,2009.0,2.1151,4.0,3,0.0849,1.5863,2,5700000.0,0.03505655143156645,1000,5,4.0,1,1
42.276316,-71.419229,1.0,1.0,2002.0,4.2493,4.2493,1,5.6384,5.6384,1,10500000.0,0.06464013913752971,0001,3,4.0,1,1
41.019264,-73.683462,1.0,10.0,2004.0,999.0,999.0,0,1.9699,3.9205,2,23000000.0,0.141680732121809,0000,2,3.0,1,0
47.676378,-122.122155,28.0,8.0,2000.0,999.0,999.0,0,5.4329,9.4959,3,14000000.0,0.08621150517312791,1100,13,3.0,1,1
47.6257402,-122.3581623,1.0,9.0,2008.0,0.1699,2.2137,2,0.1589,2.4274,2,9000000.0,0.055395267979416185,1000,1,1.0,1,0
40.245664,-74.845997,1.0,1.0,2009.0,999.0,999.0,0,0.7644,0.7644,1,500000.0,0.0030076647501062637,0000,3,1.0,1,0
37.388869,-122.072353,10.0,1.0,2012.0,0.474,0.9205,2,0.0356,0.726,2,70000.0,0.0003574683514470559,0000,4,1.0,1,1
